{
    "version": "0.4",
    "title": "Blog",
    "type": "page",
    "metadata": {
        "template_type": "single-page",
        "include_in_zip": "1",
        "elementor_pro_required": null,
        "wp_page_template": "elementor_header_footer"
    },
    "content": [
        {
            "id": "3f7f645e",
            "settings": {
                "flex_direction": "row",
                "background_background": "classic",
                "background_image": {
                    "url": "https:\/\/kitpro.site\/fluxco\/wp-content\/uploads\/sites\/292\/2024\/11\/15-14.jpg",
                    "id": 1334,
                    "size": "",
                    "alt": "",
                    "source": "library"
                },
                "background_position": "center center",
                "background_repeat": "no-repeat",
                "background_size": "cover",
                "background_overlay_background": "gradient",
                "background_overlay_opacity": {
                    "unit": "px",
                    "size": 0.79,
                    "sizes": []
                },
                "padding": {
                    "unit": "px",
                    "top": "336",
                    "right": "0",
                    "bottom": "100",
                    "left": "0",
                    "isLinked": false
                },
                "padding_tablet": {
                    "unit": "px",
                    "top": "318",
                    "right": "30",
                    "bottom": "79",
                    "left": "30",
                    "isLinked": false
                },
                "padding_mobile": {
                    "unit": "px",
                    "top": "322",
                    "right": "20",
                    "bottom": "87",
                    "left": "20",
                    "isLinked": false
                },
                "__globals__": {
                    "background_overlay_color": "globals\/colors?id=15e2010",
                    "background_overlay_color_b": "globals\/colors?id=fada322"
                }
            },
            "elements": [
                {
                    "id": "1fbc55ab",
                    "settings": {
                        "content_width": "full"
                    },
                    "elements": [
                        {
                            "id": "1cd3cb60",
                            "settings": {
                                "content_width": "full",
                                "flex_align_items": "center",
                                "padding": {
                                    "unit": "px",
                                    "top": "0",
                                    "right": "0",
                                    "bottom": "0",
                                    "left": "0",
                                    "isLinked": false
                                },
                                "margin_tablet": {
                                    "unit": "px",
                                    "top": "0",
                                    "right": "0",
                                    "bottom": "-13",
                                    "left": "0",
                                    "isLinked": false
                                },
                                "margin": {
                                    "unit": "px",
                                    "top": "0",
                                    "right": "0",
                                    "bottom": "-24",
                                    "left": "0",
                                    "isLinked": false
                                }
                            },
                            "elements": [
                                {
                                    "id": "2ccf23e8",
                                    "settings": {
                                        "content_width": "full",
                                        "width": {
                                            "unit": "%",
                                            "size": 11,
                                            "sizes": []
                                        },
                                        "background_background": "classic",
                                        "background_color": "#FFFFFF00",
                                        "background_color_b": "#1A386C38",
                                        "border_border": "solid",
                                        "border_width": {
                                            "unit": "px",
                                            "top": "1",
                                            "right": "1",
                                            "bottom": "1",
                                            "left": "1",
                                            "isLinked": true
                                        },
                                        "border_color": "#FFFFFF45",
                                        "border_radius": {
                                            "unit": "px",
                                            "top": "99",
                                            "right": "99",
                                            "bottom": "99",
                                            "left": "99",
                                            "isLinked": true
                                        },
                                        "padding": {
                                            "unit": "px",
                                            "top": "0",
                                            "right": "10",
                                            "bottom": "0",
                                            "left": "10",
                                            "isLinked": false
                                        },
                                        "__globals__": {
                                            "background_color": "globals\/colors?id=31eb431",
                                            "border_color": ""
                                        },
                                        "flex_direction": "row",
                                        "flex_gap": {
                                            "column": "0",
                                            "row": "0",
                                            "isLinked": false,
                                            "unit": "px",
                                            "size": 0
                                        },
                                        "width_tablet": {
                                            "unit": "%",
                                            "size": 19,
                                            "sizes": []
                                        },
                                        "width_mobile": {
                                            "unit": "%",
                                            "size": 43,
                                            "sizes": []
                                        },
                                        "flex_direction_mobile": "row",
                                        "flex_wrap_mobile": "nowrap",
                                        "padding_tablet": {
                                            "unit": "px",
                                            "top": "10",
                                            "right": "10",
                                            "bottom": "10",
                                            "left": "10",
                                            "isLinked": false
                                        }
                                    },
                                    "elements": [
                                        {
                                            "id": "70079ba8",
                                            "settings": {
                                                "content_width": "full",
                                                "width": {
                                                    "unit": "%",
                                                    "size": 20,
                                                    "sizes": []
                                                },
                                                "flex_justify_content": "center",
                                                "padding": {
                                                    "unit": "px",
                                                    "top": "0",
                                                    "right": "0",
                                                    "bottom": "0",
                                                    "left": "0",
                                                    "isLinked": false
                                                },
                                                "width_tablet": {
                                                    "unit": "%",
                                                    "size": 21,
                                                    "sizes": []
                                                },
                                                "width_mobile": {
                                                    "unit": "%",
                                                    "size": 21,
                                                    "sizes": []
                                                }
                                            },
                                            "elements": [
                                                {
                                                    "id": "8d840b4",
                                                    "settings": {
                                                        "image": {
                                                            "url": "https:\/\/kitpro.site\/fluxco\/wp-content\/uploads\/sites\/292\/2024\/11\/1-6.png",
                                                            "id": 884,
                                                            "size": "",
                                                            "alt": "",
                                                            "source": "library"
                                                        },
                                                        "_margin": {
                                                            "unit": "px",
                                                            "top": "-6",
                                                            "right": "0",
                                                            "bottom": "0",
                                                            "left": "0",
                                                            "isLinked": false
                                                        },
                                                        "_background_color_stop_tablet": {
                                                            "unit": "%",
                                                            "size": "",
                                                            "sizes": []
                                                        },
                                                        "_background_color_stop_mobile": {
                                                            "unit": "%",
                                                            "size": "",
                                                            "sizes": []
                                                        },
                                                        "_background_color_b_stop_tablet": {
                                                            "unit": "%",
                                                            "size": "",
                                                            "sizes": []
                                                        },
                                                        "_background_color_b_stop_mobile": {
                                                            "unit": "%",
                                                            "size": "",
                                                            "sizes": []
                                                        },
                                                        "_background_gradient_angle_tablet": {
                                                            "unit": "deg",
                                                            "size": "",
                                                            "sizes": []
                                                        },
                                                        "_background_gradient_angle_mobile": {
                                                            "unit": "deg",
                                                            "size": "",
                                                            "sizes": []
                                                        },
                                                        "_background_gradient_position_tablet": "center center",
                                                        "_background_gradient_position_mobile": "center center",
                                                        "_background_hover_color_stop_tablet": {
                                                            "unit": "%",
                                                            "size": "",
                                                            "sizes": []
                                                        },
                                                        "_background_hover_color_stop_mobile": {
                                                            "unit": "%",
                                                            "size": "",
                                                            "sizes": []
                                                        },
                                                        "_background_hover_color_b_stop_tablet": {
                                                            "unit": "%",
                                                            "size": "",
                                                            "sizes": []
                                                        },
                                                        "_background_hover_color_b_stop_mobile": {
                                                            "unit": "%",
                                                            "size": "",
                                                            "sizes": []
                                                        },
                                                        "_background_hover_gradient_angle_tablet": {
                                                            "unit": "deg",
                                                            "size": "",
                                                            "sizes": []
                                                        },
                                                        "_background_hover_gradient_angle_mobile": {
                                                            "unit": "deg",
                                                            "size": "",
                                                            "sizes": []
                                                        },
                                                        "_background_hover_gradient_position_tablet": "center center",
                                                        "_background_hover_gradient_position_mobile": "center center"
                                                    },
                                                    "elements": [],
                                                    "isInner": false,
                                                    "widgetType": "image",
                                                    "elType": "widget"
                                                }
                                            ],
                                            "isInner": true,
                                            "elType": "container"
                                        },
                                        {
                                            "id": "4337e438",
                                            "settings": {
                                                "content_width": "full",
                                                "flex_justify_content": "center",
                                                "padding": {
                                                    "unit": "px",
                                                    "top": "0",
                                                    "right": "0",
                                                    "bottom": "0",
                                                    "left": "0",
                                                    "isLinked": false
                                                }
                                            },
                                            "elements": [
                                                {
                                                    "id": "3e0538b1",
                                                    "settings": {
                                                        "sg_title_before": "",
                                                        "sg_title_focused": "Our Blog",
                                                        "sg_title_text": "Trending Stories And Another Stories",
                                                        "sg_subtitle_heading": "Lorem ipsum dolor set amet",
                                                        "sg_shadow_content": "news",
                                                        "sg_separator_enable": "",
                                                        "_margin": {
                                                            "unit": "px",
                                                            "top": "0",
                                                            "right": "0",
                                                            "bottom": "-12",
                                                            "left": "0",
                                                            "isLinked": false
                                                        },
                                                        "__globals__": {
                                                            "st_title_color_responsive": "",
                                                            "st_focused_color_responsive": "globals\/colors?id=23657de",
                                                            "st_title_typography_content_typography_typography": "globals\/typography?id=b871221"
                                                        },
                                                        "st_general_alignment_responsive_mobile": "center",
                                                        "_margin_tablet": {
                                                            "unit": "px",
                                                            "top": "-16",
                                                            "right": "0",
                                                            "bottom": "-26",
                                                            "left": "0",
                                                            "isLinked": false
                                                        },
                                                        "st_focused_color_responsive": "#8EDF0F",
                                                        "_animation": "none",
                                                        "st_general_alignment_responsive": "center",
                                                        "st_focused_color_style": "gradient",
                                                        "st_focused_gradient_color_background_background": "gradient",
                                                        "st_focused_gradient_color_background_color": "#8975C6",
                                                        "st_focused_gradient_color_background_color_b": "#DCB8C0",
                                                        "st_focused_gradient_color_background_gradient_angle": {
                                                            "unit": "deg",
                                                            "size": 107,
                                                            "sizes": []
                                                        },
                                                        "st_focused_typography_content_typography_typography": "custom",
                                                        "st_focused_typography_content_typography_font_weight": "500",
                                                        "_background_color_stop_tablet": {
                                                            "unit": "%",
                                                            "size": "",
                                                            "sizes": []
                                                        },
                                                        "_background_color_stop_mobile": {
                                                            "unit": "%",
                                                            "size": "",
                                                            "sizes": []
                                                        },
                                                        "_background_color_b_stop_tablet": {
                                                            "unit": "%",
                                                            "size": "",
                                                            "sizes": []
                                                        },
                                                        "_background_color_b_stop_mobile": {
                                                            "unit": "%",
                                                            "size": "",
                                                            "sizes": []
                                                        },
                                                        "_background_gradient_angle_tablet": {
                                                            "unit": "deg",
                                                            "size": "",
                                                            "sizes": []
                                                        },
                                                        "_background_gradient_angle_mobile": {
                                                            "unit": "deg",
                                                            "size": "",
                                                            "sizes": []
                                                        },
                                                        "_background_gradient_position_tablet": "center center",
                                                        "_background_gradient_position_mobile": "center center",
                                                        "_background_hover_color_stop_tablet": {
                                                            "unit": "%",
                                                            "size": "",
                                                            "sizes": []
                                                        },
                                                        "_background_hover_color_stop_mobile": {
                                                            "unit": "%",
                                                            "size": "",
                                                            "sizes": []
                                                        },
                                                        "_background_hover_color_b_stop_tablet": {
                                                            "unit": "%",
                                                            "size": "",
                                                            "sizes": []
                                                        },
                                                        "_background_hover_color_b_stop_mobile": {
                                                            "unit": "%",
                                                            "size": "",
                                                            "sizes": []
                                                        },
                                                        "_background_hover_gradient_angle_tablet": {
                                                            "unit": "deg",
                                                            "size": "",
                                                            "sizes": []
                                                        },
                                                        "_background_hover_gradient_angle_mobile": {
                                                            "unit": "deg",
                                                            "size": "",
                                                            "sizes": []
                                                        },
                                                        "_background_hover_gradient_position_tablet": "center center",
                                                        "_background_hover_gradient_position_mobile": "center center"
                                                    },
                                                    "elements": [],
                                                    "isInner": false,
                                                    "widgetType": "jkit_heading",
                                                    "elType": "widget"
                                                }
                                            ],
                                            "isInner": true,
                                            "elType": "container"
                                        }
                                    ],
                                    "isInner": true,
                                    "elType": "container"
                                }
                            ],
                            "isInner": true,
                            "elType": "container"
                        },
                        {
                            "id": "7a68cab0",
                            "settings": {
                                "content_width": "full",
                                "flex_align_items": "center",
                                "margin": {
                                    "unit": "px",
                                    "top": "20",
                                    "right": "0",
                                    "bottom": "0",
                                    "left": "0",
                                    "isLinked": false
                                },
                                "padding": {
                                    "unit": "px",
                                    "top": "0",
                                    "right": "0",
                                    "bottom": "0",
                                    "left": "0",
                                    "isLinked": false
                                }
                            },
                            "elements": [
                                {
                                    "id": "38b3312a",
                                    "settings": {
                                        "sg_title_before": "Our Latest        ",
                                        "sg_title_focused": " Blog",
                                        "sg_title_text": "Trending Stories And Another Stories",
                                        "sg_subtitle_heading": "Lorem ipsum dolor set amet",
                                        "sg_shadow_content": "news",
                                        "sg_separator_enable": "",
                                        "_margin": {
                                            "unit": "px",
                                            "top": "-16",
                                            "right": "0",
                                            "bottom": "-23",
                                            "left": "0",
                                            "isLinked": false
                                        },
                                        "__globals__": {
                                            "st_title_color_responsive": "",
                                            "st_focused_color_responsive": "globals\/colors?id=23657de",
                                            "st_title_typography_content_typography_typography": "globals\/typography?id=64d6538"
                                        },
                                        "st_general_alignment_responsive_mobile": "center",
                                        "_margin_tablet": {
                                            "unit": "px",
                                            "top": "-16",
                                            "right": "0",
                                            "bottom": "-26",
                                            "left": "0",
                                            "isLinked": false
                                        },
                                        "st_focused_color_responsive": "#8EDF0F",
                                        "_animation": "none",
                                        "st_focused_color_style": "gradient",
                                        "st_focused_gradient_color_background_background": "gradient",
                                        "st_focused_gradient_color_background_color": "#8975C6",
                                        "st_focused_gradient_color_background_color_b": "#DCB8C0",
                                        "st_focused_gradient_color_background_gradient_angle": {
                                            "unit": "deg",
                                            "size": 107,
                                            "sizes": []
                                        },
                                        "st_focused_typography_content_typography_typography": "custom",
                                        "st_focused_typography_content_typography_font_weight": "600",
                                        "st_general_alignment_responsive": "center",
                                        "st_title_typography_content_typography_typography": "custom",
                                        "st_title_typography_content_typography_font_family": "DM Sans",
                                        "st_title_typography_content_typography_font_size": {
                                            "unit": "em",
                                            "size": 5.6,
                                            "sizes": []
                                        },
                                        "st_title_typography_content_typography_font_size_tablet": {
                                            "unit": "em",
                                            "size": 3.1,
                                            "sizes": []
                                        },
                                        "st_title_typography_content_typography_font_size_mobile": {
                                            "unit": "em",
                                            "size": 2.9,
                                            "sizes": []
                                        },
                                        "st_title_typography_content_typography_font_weight": "600",
                                        "st_title_typography_content_typography_text_transform": "capitalize",
                                        "st_title_typography_content_typography_line_height": {
                                            "unit": "em",
                                            "size": 1.1,
                                            "sizes": []
                                        },
                                        "st_title_typography_content_typography_line_height_tablet": {
                                            "unit": "em",
                                            "size": 1.1,
                                            "sizes": []
                                        },
                                        "st_title_typography_content_typography_line_height_mobile": {
                                            "unit": "em",
                                            "size": 1.1,
                                            "sizes": []
                                        },
                                        "_background_color_stop_tablet": {
                                            "unit": "%",
                                            "size": "",
                                            "sizes": []
                                        },
                                        "_background_color_stop_mobile": {
                                            "unit": "%",
                                            "size": "",
                                            "sizes": []
                                        },
                                        "_background_color_b_stop_tablet": {
                                            "unit": "%",
                                            "size": "",
                                            "sizes": []
                                        },
                                        "_background_color_b_stop_mobile": {
                                            "unit": "%",
                                            "size": "",
                                            "sizes": []
                                        },
                                        "_background_gradient_angle_tablet": {
                                            "unit": "deg",
                                            "size": "",
                                            "sizes": []
                                        },
                                        "_background_gradient_angle_mobile": {
                                            "unit": "deg",
                                            "size": "",
                                            "sizes": []
                                        },
                                        "_background_gradient_position_tablet": "center center",
                                        "_background_gradient_position_mobile": "center center",
                                        "_background_hover_color_stop_tablet": {
                                            "unit": "%",
                                            "size": "",
                                            "sizes": []
                                        },
                                        "_background_hover_color_stop_mobile": {
                                            "unit": "%",
                                            "size": "",
                                            "sizes": []
                                        },
                                        "_background_hover_color_b_stop_tablet": {
                                            "unit": "%",
                                            "size": "",
                                            "sizes": []
                                        },
                                        "_background_hover_color_b_stop_mobile": {
                                            "unit": "%",
                                            "size": "",
                                            "sizes": []
                                        },
                                        "_background_hover_gradient_angle_tablet": {
                                            "unit": "deg",
                                            "size": "",
                                            "sizes": []
                                        },
                                        "_background_hover_gradient_angle_mobile": {
                                            "unit": "deg",
                                            "size": "",
                                            "sizes": []
                                        },
                                        "_background_hover_gradient_position_tablet": "center center",
                                        "_background_hover_gradient_position_mobile": "center center"
                                    },
                                    "elements": [],
                                    "isInner": false,
                                    "widgetType": "jkit_heading",
                                    "elType": "widget"
                                },
                                {
                                    "id": "3335e4d5",
                                    "settings": {
                                        "content_width": "full",
                                        "width": {
                                            "unit": "%",
                                            "size": 52,
                                            "sizes": []
                                        },
                                        "padding": {
                                            "unit": "px",
                                            "top": "0",
                                            "right": "0",
                                            "bottom": "0",
                                            "left": "0",
                                            "isLinked": false
                                        },
                                        "width_tablet": {
                                            "unit": "%",
                                            "size": 76,
                                            "sizes": []
                                        },
                                        "width_mobile": {
                                            "unit": "%",
                                            "size": "",
                                            "sizes": []
                                        }
                                    },
                                    "elements": [
                                        {
                                            "id": "5c82f324",
                                            "settings": {
                                                "align": "center"
                                            },
                                            "elements": [],
                                            "isInner": false,
                                            "widgetType": "text-editor",
                                            "elType": "widget"
                                        }
                                    ],
                                    "isInner": true,
                                    "elType": "container"
                                }
                            ],
                            "isInner": true,
                            "elType": "container"
                        }
                    ],
                    "isInner": true,
                    "elType": "container"
                }
            ],
            "isInner": false,
            "elType": "container"
        },
        {
            "id": "7a560b3a",
            "settings": {
                "flex_direction": "row",
                "padding": {
                    "unit": "px",
                    "top": "30",
                    "right": "0",
                    "bottom": "30",
                    "left": "0",
                    "isLinked": false
                },
                "padding_tablet": {
                    "unit": "px",
                    "top": "30",
                    "right": "30",
                    "bottom": "30",
                    "left": "30",
                    "isLinked": false
                },
                "padding_mobile": {
                    "unit": "px",
                    "top": "30",
                    "right": "20",
                    "bottom": "30",
                    "left": "20",
                    "isLinked": false
                },
                "animation": "none",
                "background_background": "classic",
                "background_color": "#18112E"
            },
            "elements": [
                {
                    "id": "72f19244",
                    "settings": {
                        "padding": {
                            "unit": "px",
                            "top": "0",
                            "right": "0",
                            "bottom": "0",
                            "left": "0",
                            "isLinked": false
                        }
                    },
                    "elements": [
                        {
                            "id": "1ec0fe0d",
                            "settings": {
                                "carousel": [
                                    {
                                        "id": 855,
                                        "url": "https:\/\/kitpro.site\/fluxco\/wp-content\/uploads\/sites\/292\/2024\/11\/1-1.png"
                                    },
                                    {
                                        "id": 856,
                                        "url": "https:\/\/kitpro.site\/fluxco\/wp-content\/uploads\/sites\/292\/2024\/11\/logoipsum-213-1.png"
                                    },
                                    {
                                        "id": 857,
                                        "url": "https:\/\/kitpro.site\/fluxco\/wp-content\/uploads\/sites\/292\/2024\/11\/logoipsum-216-1.png"
                                    },
                                    {
                                        "id": 858,
                                        "url": "https:\/\/kitpro.site\/fluxco\/wp-content\/uploads\/sites\/292\/2024\/11\/logoipsum-217-1.png"
                                    },
                                    {
                                        "id": 859,
                                        "url": "https:\/\/kitpro.site\/fluxco\/wp-content\/uploads\/sites\/292\/2024\/11\/logoipsum-218-1.png"
                                    }
                                ],
                                "thumbnail_size": "full",
                                "slides_to_show": "5",
                                "slides_to_scroll": "1",
                                "navigation": "none",
                                "autoplay_speed": 500,
                                "speed": 7000,
                                "image_spacing": "custom",
                                "image_spacing_custom": {
                                    "unit": "px",
                                    "size": 53,
                                    "sizes": []
                                },
                                "gallery_vertical_align": "center",
                                "slides_to_show_tablet": "4",
                                "slides_to_show_mobile": "2",
                                "slides_to_scroll_tablet": "1",
                                "slides_to_scroll_mobile": "1",
                                "_background_color_stop_tablet": {
                                    "unit": "%",
                                    "size": "",
                                    "sizes": []
                                },
                                "_background_color_stop_mobile": {
                                    "unit": "%",
                                    "size": "",
                                    "sizes": []
                                },
                                "_background_color_b_stop_tablet": {
                                    "unit": "%",
                                    "size": "",
                                    "sizes": []
                                },
                                "_background_color_b_stop_mobile": {
                                    "unit": "%",
                                    "size": "",
                                    "sizes": []
                                },
                                "_background_gradient_angle_tablet": {
                                    "unit": "deg",
                                    "size": "",
                                    "sizes": []
                                },
                                "_background_gradient_angle_mobile": {
                                    "unit": "deg",
                                    "size": "",
                                    "sizes": []
                                },
                                "_background_gradient_position_tablet": "center center",
                                "_background_gradient_position_mobile": "center center",
                                "_background_hover_color_stop_tablet": {
                                    "unit": "%",
                                    "size": "",
                                    "sizes": []
                                },
                                "_background_hover_color_stop_mobile": {
                                    "unit": "%",
                                    "size": "",
                                    "sizes": []
                                },
                                "_background_hover_color_b_stop_tablet": {
                                    "unit": "%",
                                    "size": "",
                                    "sizes": []
                                },
                                "_background_hover_color_b_stop_mobile": {
                                    "unit": "%",
                                    "size": "",
                                    "sizes": []
                                },
                                "_background_hover_gradient_angle_tablet": {
                                    "unit": "deg",
                                    "size": "",
                                    "sizes": []
                                },
                                "_background_hover_gradient_angle_mobile": {
                                    "unit": "deg",
                                    "size": "",
                                    "sizes": []
                                },
                                "_background_hover_gradient_position_tablet": "center center",
                                "_background_hover_gradient_position_mobile": "center center"
                            },
                            "elements": [],
                            "isInner": false,
                            "widgetType": "image-carousel",
                            "elType": "widget"
                        }
                    ],
                    "isInner": true,
                    "elType": "container"
                }
            ],
            "isInner": false,
            "elType": "container"
        },
        {
            "id": "7ce8aa22",
            "settings": {
                "flex_direction": "row",
                "padding": {
                    "unit": "px",
                    "top": "100",
                    "right": "0",
                    "bottom": "120",
                    "left": "0",
                    "isLinked": false
                },
                "padding_tablet": {
                    "unit": "px",
                    "top": "80",
                    "right": "30",
                    "bottom": "120",
                    "left": "30",
                    "isLinked": false
                },
                "padding_mobile": {
                    "unit": "px",
                    "top": "80",
                    "right": "20",
                    "bottom": "120",
                    "left": "20",
                    "isLinked": false
                }
            },
            "elements": [
                {
                    "id": "418e3e4c",
                    "settings": {
                        "padding": {
                            "unit": "px",
                            "top": "0",
                            "right": "0",
                            "bottom": "0",
                            "left": "0",
                            "isLinked": false
                        }
                    },
                    "elements": [
                        {
                            "id": "1505d4f2",
                            "settings": {
                                "padding": {
                                    "unit": "px",
                                    "top": "0",
                                    "right": "0",
                                    "bottom": "0",
                                    "left": "0",
                                    "isLinked": false
                                }
                            },
                            "elements": [
                                {
                                    "id": "13ff53c5",
                                    "settings": {
                                        "ekit_blog_posts_layout_style": "elementskit-post-image-card",
                                        "ekit_blog_posts_btn_text": "Learn more ",
                                        "ekit_blog_posts_btn_icons": {
                                            "value": "fas fa-arrow-circle-right",
                                            "library": "fa-solid"
                                        },
                                        "ekit_blog_posts_btn_icon_align": "right",
                                        "ekit_blog_posts_background_background": "gradient",
                                        "ekit_blog_posts_radius": {
                                            "unit": "px",
                                            "top": "25",
                                            "right": "25",
                                            "bottom": "25",
                                            "left": "25",
                                            "isLinked": true
                                        },
                                        "ekit_blog_posts_padding": {
                                            "unit": "px",
                                            "top": "10",
                                            "right": "10",
                                            "bottom": "10",
                                            "left": "10",
                                            "isLinked": false
                                        },
                                        "ekit_blog_posts_text_content_wraper_padding": {
                                            "unit": "px",
                                            "top": "30",
                                            "right": "30",
                                            "bottom": "30",
                                            "left": "30",
                                            "isLinked": false
                                        },
                                        "ekit_blog_posts_title_margin": {
                                            "unit": "px",
                                            "top": "0",
                                            "right": "0",
                                            "bottom": "13",
                                            "left": "0",
                                            "isLinked": false
                                        },
                                        "ekit_blog_posts_content_margin": {
                                            "unit": "px",
                                            "top": "0",
                                            "right": "0",
                                            "bottom": "19",
                                            "left": "0",
                                            "isLinked": false
                                        },
                                        "ekit_blog_posts_btn_text_padding": {
                                            "unit": "px",
                                            "top": "0",
                                            "right": "0",
                                            "bottom": "0",
                                            "left": "0",
                                            "isLinked": false
                                        },
                                        "ekit_blog_posts_btn_bg_color_background": "classic",
                                        "ekit_blog_posts_btn_border_radius": {
                                            "unit": "px",
                                            "top": "999",
                                            "right": "999",
                                            "bottom": "999",
                                            "left": "999",
                                            "isLinked": true
                                        },
                                        "__globals__": {
                                            "ekit_blog_posts_background_color": "globals\/colors?id=2f041ba",
                                            "ekit_blog_posts_btn_bg_color_color": "globals\/colors?id=31eb431",
                                            "ekit_blog_posts_btn_typography_typography": "globals\/typography?id=accent",
                                            "ekit_blog_posts_btn_text_color": "globals\/colors?id=ea606d1",
                                            "ekit_blog_posts_btn_hover_color": "globals\/colors?id=a284e8f",
                                            "ekit_blog_posts_title_color": "globals\/colors?id=ea606d1",
                                            "ekit_blog_posts_background_color_b": "globals\/colors?id=d8aa32d",
                                            "ekit_blog_posts_title_typography_typography": "globals\/typography?id=054d8cb"
                                        },
                                        "ekit_blog_posts_feature_img_radius": {
                                            "unit": "px",
                                            "top": "16",
                                            "right": "16",
                                            "bottom": "16",
                                            "left": "16",
                                            "isLinked": true
                                        },
                                        "ekit_blog_posts_feature_img_padding": {
                                            "unit": "px",
                                            "top": "0",
                                            "right": "0",
                                            "bottom": "0",
                                            "left": "0",
                                            "isLinked": false
                                        },
                                        "ekit_blog_posts_btn_align_mobile": "center",
                                        "ekit_blog_posts_padding_mobile": {
                                            "unit": "px",
                                            "top": "10",
                                            "right": "10",
                                            "bottom": "10",
                                            "left": "10",
                                            "isLinked": true
                                        },
                                        "ekit_blog_posts_text_content_wraper_padding_mobile": {
                                            "unit": "px",
                                            "top": "20",
                                            "right": "20",
                                            "bottom": "20",
                                            "left": "20",
                                            "isLinked": true
                                        },
                                        "ekit_blog_posts_title_alignment_mobile": "center",
                                        "ekit_blog_posts_content_alignment_mobile": "center",
                                        "ekit_blog_posts_num": 6,
                                        "ekit_blog_posts_cats": [
                                            "1"
                                        ],
                                        "ekit_blog_posts_margin": {
                                            "unit": "px",
                                            "top": "0",
                                            "right": "0",
                                            "bottom": "30",
                                            "left": "0",
                                            "isLinked": false
                                        },
                                        "ekit_blog_posts_background_gradient_angle": {
                                            "unit": "deg",
                                            "size": 225,
                                            "sizes": []
                                        },
                                        "ekit_blog_posts_text_content_wraper_padding_tablet": {
                                            "unit": "px",
                                            "top": "20",
                                            "right": "20",
                                            "bottom": "20",
                                            "left": "20",
                                            "isLinked": true
                                        },
                                        "ekit_blog_posts_border_border": "solid",
                                        "ekit_blog_posts_border_width": {
                                            "unit": "px",
                                            "top": "1",
                                            "right": "1",
                                            "bottom": "1",
                                            "left": "1",
                                            "isLinked": true
                                        },
                                        "ekit_blog_posts_border_color": "#FFFFFF24",
                                        "ekit_blog_posts_title_color": "#DCB8C0",
                                        "ekit_blog_posts_btn_typography_typography": "custom",
                                        "ekit_blog_posts_btn_typography_font_family": "Roboto",
                                        "ekit_blog_posts_btn_typography_font_weight": "500",
                                        "ekit_blog_posts_btn_text_color": "#DCB8C0",
                                        "ekit_blog_posts_btn_bg_color_color": "#FFFFFF00",
                                        "ekit_blog_posts_btn_hover_color": "#FFFFFF",
                                        "_margin_tablet": {
                                            "unit": "px",
                                            "top": "0",
                                            "right": "0",
                                            "bottom": "-27",
                                            "left": "0",
                                            "isLinked": false
                                        },
                                        "_animation": "none",
                                        "_background_color_stop_tablet": {
                                            "unit": "%",
                                            "size": "",
                                            "sizes": []
                                        },
                                        "_background_color_stop_mobile": {
                                            "unit": "%",
                                            "size": "",
                                            "sizes": []
                                        },
                                        "_background_color_b_stop_tablet": {
                                            "unit": "%",
                                            "size": "",
                                            "sizes": []
                                        },
                                        "_background_color_b_stop_mobile": {
                                            "unit": "%",
                                            "size": "",
                                            "sizes": []
                                        },
                                        "_background_gradient_angle_tablet": {
                                            "unit": "deg",
                                            "size": "",
                                            "sizes": []
                                        },
                                        "_background_gradient_angle_mobile": {
                                            "unit": "deg",
                                            "size": "",
                                            "sizes": []
                                        },
                                        "_background_gradient_position_tablet": "center center",
                                        "_background_gradient_position_mobile": "center center",
                                        "_background_hover_color_stop_tablet": {
                                            "unit": "%",
                                            "size": "",
                                            "sizes": []
                                        },
                                        "_background_hover_color_stop_mobile": {
                                            "unit": "%",
                                            "size": "",
                                            "sizes": []
                                        },
                                        "_background_hover_color_b_stop_tablet": {
                                            "unit": "%",
                                            "size": "",
                                            "sizes": []
                                        },
                                        "_background_hover_color_b_stop_mobile": {
                                            "unit": "%",
                                            "size": "",
                                            "sizes": []
                                        },
                                        "_background_hover_gradient_angle_tablet": {
                                            "unit": "deg",
                                            "size": "",
                                            "sizes": []
                                        },
                                        "_background_hover_gradient_angle_mobile": {
                                            "unit": "deg",
                                            "size": "",
                                            "sizes": []
                                        },
                                        "_background_hover_gradient_position_tablet": "center center",
                                        "_background_hover_gradient_position_mobile": "center center"
                                    },
                                    "elements": [],
                                    "isInner": false,
                                    "widgetType": "elementskit-blog-posts",
                                    "elType": "widget"
                                }
                            ],
                            "isInner": true,
                            "elType": "container"
                        }
                    ],
                    "isInner": true,
                    "elType": "container"
                }
            ],
            "isInner": false,
            "elType": "container"
        }
    ]
}