{
    "version": "0.4",
    "title": "Footer",
    "type": "section",
    "metadata": {
        "template_type": "section-footer",
        "include_in_zip": "1",
        "elementor_pro_required": null,
        "wp_page_template": "elementor_canvas"
    },
    "content": [
        {
            "id": "57ef95bc",
            "settings": {
                "flex_direction": "row",
                "padding": {
                    "unit": "px",
                    "top": "0",
                    "right": "0",
                    "bottom": "0",
                    "left": "0",
                    "isLinked": false
                },
                "padding_tablet": {
                    "unit": "px",
                    "top": "0",
                    "right": "30",
                    "bottom": "0",
                    "left": "30",
                    "isLinked": false
                },
                "padding_mobile": {
                    "unit": "px",
                    "top": "0",
                    "right": "20",
                    "bottom": "0",
                    "left": "20",
                    "isLinked": false
                },
                "margin": {
                    "unit": "px",
                    "top": "0",
                    "right": "0",
                    "bottom": "-59",
                    "left": "0",
                    "isLinked": false
                },
                "z_index": 2
            },
            "elements": [
                {
                    "id": "5bc573",
                    "settings": {
                        "flex_direction": "row",
                        "background_background": "gradient",
                        "background_color_b": "#1C211B",
                        "background_color_b_stop": {
                            "unit": "%",
                            "size": 57,
                            "sizes": []
                        },
                        "background_gradient_angle": {
                            "unit": "deg",
                            "size": 167,
                            "sizes": []
                        },
                        "border_radius": {
                            "unit": "px",
                            "top": "25",
                            "right": "25",
                            "bottom": "25",
                            "left": "25",
                            "isLinked": true
                        },
                        "padding": {
                            "unit": "px",
                            "top": "30",
                            "right": "30",
                            "bottom": "30",
                            "left": "30",
                            "isLinked": false
                        },
                        "__globals__": {
                            "background_color": "globals\/colors?id=6eb27a5",
                            "background_color_b": "globals\/colors?id=ea606d1",
                            "border_color": ""
                        },
                        "border_width": {
                            "unit": "px",
                            "top": "1",
                            "right": "1",
                            "bottom": "1",
                            "left": "1",
                            "isLinked": true
                        }
                    },
                    "elements": [
                        {
                            "id": "10875c1a",
                            "settings": {
                                "content_width": "full",
                                "width": {
                                    "unit": "%",
                                    "size": 78,
                                    "sizes": []
                                },
                                "flex_justify_content": "center",
                                "padding": {
                                    "unit": "px",
                                    "top": "0",
                                    "right": "0",
                                    "bottom": "0",
                                    "left": "0",
                                    "isLinked": false
                                }
                            },
                            "elements": [
                                {
                                    "id": "612d0ea9",
                                    "settings": {
                                        "sg_title_before": "Follow Our ",
                                        "sg_title_focused": "Newsletter",
                                        "sg_title_text": "Trending Stories And Another Stories",
                                        "sg_subtitle_heading": "Lorem ipsum dolor set amet",
                                        "sg_shadow_content": "news",
                                        "sg_separator_enable": "",
                                        "st_title_typography_content_typography_typography": "custom",
                                        "st_title_typography_content_typography_font_family": "DM Sans",
                                        "st_title_typography_content_typography_font_size": {
                                            "unit": "em",
                                            "size": 2,
                                            "sizes": []
                                        },
                                        "st_title_typography_content_typography_font_size_tablet": {
                                            "unit": "em",
                                            "size": 1.8,
                                            "sizes": []
                                        },
                                        "st_title_typography_content_typography_font_size_mobile": {
                                            "unit": "em",
                                            "size": 1.5,
                                            "sizes": []
                                        },
                                        "st_title_typography_content_typography_font_weight": "500",
                                        "st_title_typography_content_typography_text_transform": "capitalize",
                                        "st_title_typography_content_typography_line_height": {
                                            "unit": "em",
                                            "size": 1.1,
                                            "sizes": []
                                        },
                                        "_margin": {
                                            "unit": "px",
                                            "top": "-16",
                                            "right": "0",
                                            "bottom": "-23",
                                            "left": "0",
                                            "isLinked": false
                                        },
                                        "__globals__": {
                                            "st_title_color_responsive": "",
                                            "st_focused_color_responsive": "globals\/colors?id=a284e8f",
                                            "st_title_typography_content_typography_typography": "globals\/typography?id=148b5cb"
                                        },
                                        "st_general_alignment_responsive_mobile": "center",
                                        "st_title_typography_content_typography_line_height_tablet": {
                                            "unit": "em",
                                            "size": 1.1,
                                            "sizes": []
                                        },
                                        "st_title_typography_content_typography_line_height_mobile": {
                                            "unit": "em",
                                            "size": 1.1,
                                            "sizes": []
                                        },
                                        "st_focused_color_responsive": "#8EDF0F"
                                    },
                                    "elements": [],
                                    "isInner": false,
                                    "widgetType": "jkit_heading",
                                    "elType": "widget"
                                }
                            ],
                            "isInner": true,
                            "elType": "container"
                        },
                        {
                            "id": "2f5d0fd0",
                            "settings": {
                                "padding": {
                                    "unit": "px",
                                    "top": "0",
                                    "right": "0",
                                    "bottom": "0",
                                    "left": "0",
                                    "isLinked": false
                                },
                                "flex_justify_content": "center",
                                "flex_justify_content_tablet": "center"
                            },
                            "elements": [
                                {
                                    "id": "16868c22",
                                    "settings": {
                                        "mf_form_id": "194***1736240454404"
                                    },
                                    "elements": [],
                                    "isInner": false,
                                    "widgetType": "metform",
                                    "elType": "widget"
                                }
                            ],
                            "isInner": true,
                            "elType": "container"
                        }
                    ],
                    "isInner": true,
                    "elType": "container"
                }
            ],
            "isInner": false,
            "elType": "container"
        },
        {
            "id": "2a5dd2af",
            "settings": {
                "flex_direction": "row",
                "padding": {
                    "unit": "px",
                    "top": "136",
                    "right": "0",
                    "bottom": "80",
                    "left": "0",
                    "isLinked": false
                },
                "padding_tablet": {
                    "unit": "px",
                    "top": "135",
                    "right": "30",
                    "bottom": "80",
                    "left": "30",
                    "isLinked": false
                },
                "padding_mobile": {
                    "unit": "px",
                    "top": "144",
                    "right": "20",
                    "bottom": "80",
                    "left": "20",
                    "isLinked": false
                },
                "background_background": "classic",
                "__globals__": {
                    "background_color": "globals\/colors?id=15e2010"
                }
            },
            "elements": [
                {
                    "id": "27347e6c",
                    "settings": {
                        "flex_direction": "row",
                        "padding": {
                            "unit": "px",
                            "top": "0",
                            "right": "0",
                            "bottom": "0",
                            "left": "0",
                            "isLinked": false
                        }
                    },
                    "elements": [
                        {
                            "id": "4ee3006f",
                            "settings": {
                                "content_width": "full",
                                "width": {
                                    "unit": "%",
                                    "size": 36,
                                    "sizes": []
                                },
                                "margin": {
                                    "unit": "px",
                                    "top": "0",
                                    "right": "40",
                                    "bottom": "0",
                                    "left": "0",
                                    "isLinked": false
                                },
                                "padding": {
                                    "unit": "px",
                                    "top": "0",
                                    "right": "0",
                                    "bottom": "0",
                                    "left": "0",
                                    "isLinked": false
                                },
                                "margin_tablet": {
                                    "unit": "px",
                                    "top": "0",
                                    "right": "0",
                                    "bottom": "0",
                                    "left": "0",
                                    "isLinked": false
                                },
                                "margin_mobile": {
                                    "unit": "px",
                                    "top": "0",
                                    "right": "0",
                                    "bottom": "20",
                                    "left": "0",
                                    "isLinked": false
                                }
                            },
                            "elements": [
                                {
                                    "id": "eac7e6",
                                    "settings": {
                                        "image": {
                                            "url": "https:\/\/kitpro.site\/fluxco\/wp-content\/uploads\/sites\/292\/2024\/11\/3-1.png",
                                            "id": 943,
                                            "size": "",
                                            "alt": "",
                                            "source": "library"
                                        },
                                        "align": "left",
                                        "width": {
                                            "unit": "%",
                                            "size": 56,
                                            "sizes": []
                                        },
                                        "align_mobile": "center",
                                        "width_tablet": {
                                            "unit": "%",
                                            "size": 76,
                                            "sizes": []
                                        },
                                        "width_mobile": {
                                            "unit": "%",
                                            "size": 60,
                                            "sizes": []
                                        }
                                    },
                                    "elements": [],
                                    "isInner": false,
                                    "widgetType": "image",
                                    "elType": "widget"
                                },
                                {
                                    "id": "561e24ef",
                                    "settings": {
                                        "editor": "<p>Lorem ipsum dolor sit amet, consectetur adipiscing elit. Ut elit tellus, luctus nec ullamcorper mattis.<\/p>",
                                        "_margin": {
                                            "unit": "px",
                                            "top": "0",
                                            "right": "0",
                                            "bottom": "-22",
                                            "left": "0",
                                            "isLinked": false
                                        },
                                        "__globals__": {
                                            "text_color": ""
                                        },
                                        "align_mobile": "center"
                                    },
                                    "elements": [],
                                    "isInner": false,
                                    "widgetType": "text-editor",
                                    "elType": "widget"
                                },
                                {
                                    "id": "a7805d2",
                                    "settings": {
                                        "social_icon_list": [
                                            {
                                                "social_icon": {
                                                    "value": "fab fa-facebook",
                                                    "library": "fa-brands"
                                                },
                                                "_id": "7f6288d"
                                            },
                                            {
                                                "social_icon": {
                                                    "value": "fab fa-twitter",
                                                    "library": "fa-brands"
                                                },
                                                "_id": "1099a3a"
                                            },
                                            {
                                                "social_icon": {
                                                    "value": "fab fa-youtube",
                                                    "library": "fa-brands"
                                                },
                                                "_id": "6f93880"
                                            }
                                        ],
                                        "shape": "circle",
                                        "align": "left",
                                        "icon_color": "custom",
                                        "icon_size": {
                                            "unit": "px",
                                            "size": 16,
                                            "sizes": []
                                        },
                                        "__globals__": {
                                            "icon_primary_color": "globals\/colors?id=ea606d1",
                                            "icon_secondary_color": "globals\/colors?id=15e2010"
                                        },
                                        "align_mobile": "center",
                                        "icon_size_tablet": {
                                            "unit": "px",
                                            "size": 13,
                                            "sizes": []
                                        },
                                        "hover_animation": "grow"
                                    },
                                    "elements": [],
                                    "isInner": false,
                                    "widgetType": "social-icons",
                                    "elType": "widget"
                                }
                            ],
                            "isInner": true,
                            "elType": "container"
                        },
                        {
                            "id": "2c82d10f",
                            "settings": {
                                "flex_direction": "row",
                                "padding": {
                                    "unit": "px",
                                    "top": "0",
                                    "right": "0",
                                    "bottom": "0",
                                    "left": "0",
                                    "isLinked": false
                                }
                            },
                            "elements": [
                                {
                                    "id": "3f503402",
                                    "settings": {
                                        "content_width": "full",
                                        "width": {
                                            "unit": "%",
                                            "size": 88,
                                            "sizes": []
                                        },
                                        "padding": {
                                            "unit": "px",
                                            "top": "0",
                                            "right": "0",
                                            "bottom": "0",
                                            "left": "0",
                                            "isLinked": false
                                        },
                                        "width_tablet": {
                                            "unit": "%",
                                            "size": 66,
                                            "sizes": []
                                        },
                                        "width_mobile": {
                                            "unit": "%",
                                            "size": "",
                                            "sizes": []
                                        },
                                        "margin_mobile": {
                                            "unit": "px",
                                            "top": "0",
                                            "right": "0",
                                            "bottom": "20",
                                            "left": "0",
                                            "isLinked": false
                                        }
                                    },
                                    "elements": [
                                        {
                                            "id": "17780643",
                                            "settings": {
                                                "title": "Our Pages",
                                                "align": "left",
                                                "typography_font_family": "DM Sans",
                                                "typography_font_size": {
                                                    "unit": "em",
                                                    "size": 1.3,
                                                    "sizes": []
                                                },
                                                "typography_font_size_tablet": {
                                                    "unit": "em",
                                                    "size": 1.1,
                                                    "sizes": []
                                                },
                                                "typography_font_size_mobile": {
                                                    "unit": "em",
                                                    "size": "",
                                                    "sizes": []
                                                },
                                                "typography_font_weight": "600",
                                                "_margin": {
                                                    "unit": "px",
                                                    "top": "0",
                                                    "right": "0",
                                                    "bottom": "0",
                                                    "left": "0",
                                                    "isLinked": false
                                                },
                                                "__globals__": {
                                                    "title_color": "globals\/colors?id=ea606d1"
                                                },
                                                "align_mobile": "center",
                                                "header_size": "h5"
                                            },
                                            "elements": [],
                                            "isInner": false,
                                            "widgetType": "heading",
                                            "elType": "widget"
                                        },
                                        {
                                            "id": "ad46e4f",
                                            "settings": {
                                                "icon_list": [
                                                    {
                                                        "text": "Home",
                                                        "selected_icon": {
                                                            "value": "",
                                                            "library": ""
                                                        },
                                                        "_id": "d90e2d8"
                                                    },
                                                    {
                                                        "text": "About Us",
                                                        "selected_icon": {
                                                            "value": "",
                                                            "library": ""
                                                        },
                                                        "_id": "1e2065e"
                                                    },
                                                    {
                                                        "text": "Service",
                                                        "selected_icon": {
                                                            "value": "",
                                                            "library": ""
                                                        },
                                                        "_id": "a68d6ac"
                                                    },
                                                    {
                                                        "_id": "53bab10",
                                                        "text": "Pricing",
                                                        "selected_icon": {
                                                            "value": "",
                                                            "library": ""
                                                        }
                                                    }
                                                ],
                                                "space_between": {
                                                    "unit": "px",
                                                    "size": 6,
                                                    "sizes": []
                                                },
                                                "__globals__": {
                                                    "text_color": "globals\/colors?id=a284e8f",
                                                    "text_color_hover": "globals\/colors?id=6eb27a5"
                                                },
                                                "icon_align_mobile": "center"
                                            },
                                            "elements": [],
                                            "isInner": false,
                                            "widgetType": "icon-list",
                                            "elType": "widget"
                                        }
                                    ],
                                    "isInner": true,
                                    "elType": "container"
                                },
                                {
                                    "id": "460474ce",
                                    "settings": {
                                        "content_width": "full",
                                        "width": {
                                            "unit": "%",
                                            "size": 88,
                                            "sizes": []
                                        },
                                        "padding": {
                                            "unit": "px",
                                            "top": "0",
                                            "right": "0",
                                            "bottom": "0",
                                            "left": "0",
                                            "isLinked": false
                                        },
                                        "width_tablet": {
                                            "unit": "%",
                                            "size": 79,
                                            "sizes": []
                                        },
                                        "width_mobile": {
                                            "unit": "%",
                                            "size": "",
                                            "sizes": []
                                        },
                                        "margin_mobile": {
                                            "unit": "px",
                                            "top": "0",
                                            "right": "0",
                                            "bottom": "20",
                                            "left": "0",
                                            "isLinked": false
                                        }
                                    },
                                    "elements": [
                                        {
                                            "id": "23932f14",
                                            "settings": {
                                                "title": "Quick Links",
                                                "align": "left",
                                                "typography_font_family": "DM Sans",
                                                "typography_font_size": {
                                                    "unit": "em",
                                                    "size": 1.3,
                                                    "sizes": []
                                                },
                                                "typography_font_size_tablet": {
                                                    "unit": "em",
                                                    "size": 1.1,
                                                    "sizes": []
                                                },
                                                "typography_font_size_mobile": {
                                                    "unit": "em",
                                                    "size": "",
                                                    "sizes": []
                                                },
                                                "typography_font_weight": "600",
                                                "_margin": {
                                                    "unit": "px",
                                                    "top": "0",
                                                    "right": "0",
                                                    "bottom": "0",
                                                    "left": "0",
                                                    "isLinked": false
                                                },
                                                "__globals__": {
                                                    "title_color": "globals\/colors?id=ea606d1"
                                                },
                                                "align_mobile": "center",
                                                "header_size": "h5"
                                            },
                                            "elements": [],
                                            "isInner": false,
                                            "widgetType": "heading",
                                            "elType": "widget"
                                        },
                                        {
                                            "id": "4619d569",
                                            "settings": {
                                                "icon_list": [
                                                    {
                                                        "text": "Privacy Policy",
                                                        "selected_icon": {
                                                            "value": "",
                                                            "library": ""
                                                        },
                                                        "_id": "d90e2d8"
                                                    },
                                                    {
                                                        "text": "Term Of Service",
                                                        "selected_icon": {
                                                            "value": "",
                                                            "library": ""
                                                        },
                                                        "_id": "1e2065e"
                                                    },
                                                    {
                                                        "text": "Disclaimer",
                                                        "selected_icon": {
                                                            "value": "",
                                                            "library": ""
                                                        },
                                                        "_id": "a68d6ac"
                                                    },
                                                    {
                                                        "_id": "53bab10",
                                                        "text": "Credits",
                                                        "selected_icon": {
                                                            "value": "",
                                                            "library": ""
                                                        }
                                                    }
                                                ],
                                                "space_between": {
                                                    "unit": "px",
                                                    "size": 6,
                                                    "sizes": []
                                                },
                                                "__globals__": {
                                                    "text_color": "globals\/colors?id=a284e8f",
                                                    "text_color_hover": "globals\/colors?id=6eb27a5"
                                                },
                                                "icon_align_mobile": "center"
                                            },
                                            "elements": [],
                                            "isInner": false,
                                            "widgetType": "icon-list",
                                            "elType": "widget"
                                        }
                                    ],
                                    "isInner": true,
                                    "elType": "container"
                                },
                                {
                                    "id": "71ca63a6",
                                    "settings": {
                                        "padding": {
                                            "unit": "px",
                                            "top": "0",
                                            "right": "0",
                                            "bottom": "0",
                                            "left": "0",
                                            "isLinked": false
                                        }
                                    },
                                    "elements": [
                                        {
                                            "id": "707b395a",
                                            "settings": {
                                                "title": "Get In Touch",
                                                "align": "left",
                                                "typography_font_family": "DM Sans",
                                                "typography_font_size": {
                                                    "unit": "em",
                                                    "size": 1.3,
                                                    "sizes": []
                                                },
                                                "typography_font_size_tablet": {
                                                    "unit": "em",
                                                    "size": 1.1,
                                                    "sizes": []
                                                },
                                                "typography_font_size_mobile": {
                                                    "unit": "em",
                                                    "size": "",
                                                    "sizes": []
                                                },
                                                "typography_font_weight": "600",
                                                "_margin": {
                                                    "unit": "px",
                                                    "top": "0",
                                                    "right": "0",
                                                    "bottom": "0",
                                                    "left": "0",
                                                    "isLinked": false
                                                },
                                                "__globals__": {
                                                    "title_color": "globals\/colors?id=ea606d1"
                                                },
                                                "align_mobile": "center",
                                                "header_size": "h5"
                                            },
                                            "elements": [],
                                            "isInner": false,
                                            "widgetType": "heading",
                                            "elType": "widget"
                                        },
                                        {
                                            "id": "8a0af2c",
                                            "settings": {
                                                "icon_list": [
                                                    {
                                                        "text": "(+23) 456-867-9008",
                                                        "selected_icon": {
                                                            "value": "fas fa-phone-alt",
                                                            "library": "fa-solid"
                                                        },
                                                        "_id": "d90e2d8"
                                                    },
                                                    {
                                                        "text": "fluxco@example.site",
                                                        "selected_icon": {
                                                            "value": "fas fa-envelope",
                                                            "library": "fa-solid"
                                                        },
                                                        "_id": "1e2065e"
                                                    },
                                                    {
                                                        "text": "Nusa Dua, Bali - Indonesia",
                                                        "selected_icon": {
                                                            "value": "fas fa-map-marker-alt",
                                                            "library": "fa-solid"
                                                        },
                                                        "_id": "a68d6ac"
                                                    }
                                                ],
                                                "space_between": {
                                                    "unit": "px",
                                                    "size": 6,
                                                    "sizes": []
                                                },
                                                "icon_size": {
                                                    "unit": "px",
                                                    "size": 16,
                                                    "sizes": []
                                                },
                                                "__globals__": {
                                                    "text_color": "",
                                                    "text_color_hover": "globals\/colors?id=a284e8f",
                                                    "icon_color": "globals\/colors?id=6eb27a5"
                                                },
                                                "icon_align_mobile": "center",
                                                "icon_color": "#8EDF0F",
                                                "text_color_hover": "#FFFFFF"
                                            },
                                            "elements": [],
                                            "isInner": false,
                                            "widgetType": "icon-list",
                                            "elType": "widget"
                                        }
                                    ],
                                    "isInner": true,
                                    "elType": "container"
                                }
                            ],
                            "isInner": true,
                            "elType": "container"
                        }
                    ],
                    "isInner": true,
                    "elType": "container"
                }
            ],
            "isInner": false,
            "elType": "container"
        },
        {
            "id": "713b20dd",
            "settings": {
                "flex_direction": "row",
                "background_background": "classic",
                "padding": {
                    "unit": "px",
                    "top": "10",
                    "right": "0",
                    "bottom": "10",
                    "left": "0",
                    "isLinked": false
                },
                "__globals__": {
                    "background_color": "globals\/colors?id=6eb27a5"
                },
                "padding_tablet": {
                    "unit": "px",
                    "top": "10",
                    "right": "30",
                    "bottom": "10",
                    "left": "30",
                    "isLinked": false
                },
                "padding_mobile": {
                    "unit": "px",
                    "top": "10",
                    "right": "20",
                    "bottom": "10",
                    "left": "20",
                    "isLinked": false
                }
            },
            "elements": [
                {
                    "id": "758fa682",
                    "settings": {
                        "padding": {
                            "unit": "px",
                            "top": "0",
                            "right": "0",
                            "bottom": "0",
                            "left": "0",
                            "isLinked": false
                        }
                    },
                    "elements": [
                        {
                            "id": "580e39f0",
                            "settings": {
                                "editor": "<p>Copyright \u00a9 2025 Fluxco | Powered by Fluxco<\/p>",
                                "align": "center",
                                "_margin": {
                                    "unit": "px",
                                    "top": "0",
                                    "right": "0",
                                    "bottom": "-13",
                                    "left": "0",
                                    "isLinked": false
                                },
                                "__globals__": {
                                    "text_color": "globals\/colors?id=a284e8f"
                                }
                            },
                            "elements": [],
                            "isInner": false,
                            "widgetType": "text-editor",
                            "elType": "widget"
                        }
                    ],
                    "isInner": true,
                    "elType": "container"
                }
            ],
            "isInner": false,
            "elType": "container"
        }
    ]
}