{
    "version": "0.4",
    "title": "Header",
    "type": "section",
    "metadata": {
        "template_type": "section-header",
        "include_in_zip": "1",
        "elementor_pro_required": null,
        "wp_page_template": "elementor_canvas"
    },
    "content": [
        {
            "id": "59ccf108",
            "settings": {
                "flex_direction": "row",
                "background_background": "gradient",
                "padding": {
                    "unit": "px",
                    "top": "25",
                    "right": "0",
                    "bottom": "25",
                    "left": "0",
                    "isLinked": false
                },
                "__globals__": {
                    "background_color": "",
                    "border_color": "",
                    "background_color_b": ""
                },
                "padding_tablet": {
                    "unit": "px",
                    "top": "26",
                    "right": "30",
                    "bottom": "25",
                    "left": "30",
                    "isLinked": false
                },
                "padding_mobile": {
                    "unit": "px",
                    "top": "20",
                    "right": "20",
                    "bottom": "20",
                    "left": "20",
                    "isLinked": false
                },
                "z_index_tablet": 5,
                "background_color": "#DCB8C01F",
                "background_color_b": "#06071D61",
                "background_gradient_type": "radial",
                "border_border": "solid",
                "border_width": {
                    "unit": "px",
                    "top": "0",
                    "right": "0",
                    "bottom": "1",
                    "left": "0",
                    "isLinked": false
                },
                "border_color": "#FFFFFF12",
                "margin": {
                    "unit": "px",
                    "top": "0",
                    "right": "0",
                    "bottom": "-229",
                    "left": "0",
                    "isLinked": false
                },
                "z_index": 2,
                "jkit_glass_blur_level": {
                    "unit": "px",
                    "size": 10.8,
                    "sizes": []
                }
            },
            "elements": [
                {
                    "id": "6d3a214a",
                    "settings": {
                        "flex_direction": "row",
                        "background_background": "classic",
                        "border_radius": {
                            "unit": "px",
                            "top": "40",
                            "right": "40",
                            "bottom": "40",
                            "left": "40",
                            "isLinked": true
                        },
                        "padding": {
                            "unit": "px",
                            "top": "0",
                            "right": "0",
                            "bottom": "0",
                            "left": "0",
                            "isLinked": false
                        },
                        "__globals__": {
                            "background_color": ""
                        },
                        "flex_wrap_mobile": "nowrap",
                        "padding_tablet": {
                            "unit": "px",
                            "top": "0",
                            "right": "0",
                            "bottom": "0",
                            "left": "0",
                            "isLinked": false
                        },
                        "padding_mobile": {
                            "unit": "px",
                            "top": "0",
                            "right": "0",
                            "bottom": "0",
                            "left": "0",
                            "isLinked": false
                        }
                    },
                    "elements": [
                        {
                            "id": "3e6d76f8",
                            "settings": {
                                "content_width": "full",
                                "width": {
                                    "unit": "%",
                                    "size": 23,
                                    "sizes": []
                                },
                                "flex_justify_content": "center",
                                "padding": {
                                    "unit": "px",
                                    "top": "0",
                                    "right": "0",
                                    "bottom": "0",
                                    "left": "0",
                                    "isLinked": false
                                },
                                "width_tablet": {
                                    "unit": "%",
                                    "size": 31,
                                    "sizes": []
                                },
                                "width_mobile": {
                                    "unit": "%",
                                    "size": 69,
                                    "sizes": []
                                }
                            },
                            "elements": [
                                {
                                    "id": "3e4eec4a",
                                    "settings": {
                                        "image": {
                                            "url": "https:\/\/kitpro.site\/fluxco\/wp-content\/uploads\/sites\/292\/2024\/11\/3-1.png",
                                            "id": 943,
                                            "size": "",
                                            "alt": "",
                                            "source": "library"
                                        },
                                        "align": "left",
                                        "width": {
                                            "unit": "%",
                                            "size": 64,
                                            "sizes": []
                                        },
                                        "width_tablet": {
                                            "unit": "%",
                                            "size": 81,
                                            "sizes": []
                                        },
                                        "_background_color_stop_tablet": {
                                            "unit": "%",
                                            "size": "",
                                            "sizes": []
                                        },
                                        "_background_color_stop_mobile": {
                                            "unit": "%",
                                            "size": "",
                                            "sizes": []
                                        },
                                        "_background_color_b_stop_tablet": {
                                            "unit": "%",
                                            "size": "",
                                            "sizes": []
                                        },
                                        "_background_color_b_stop_mobile": {
                                            "unit": "%",
                                            "size": "",
                                            "sizes": []
                                        },
                                        "_background_gradient_angle_tablet": {
                                            "unit": "deg",
                                            "size": "",
                                            "sizes": []
                                        },
                                        "_background_gradient_angle_mobile": {
                                            "unit": "deg",
                                            "size": "",
                                            "sizes": []
                                        },
                                        "_background_gradient_position_tablet": "center center",
                                        "_background_gradient_position_mobile": "center center",
                                        "_background_hover_color_stop_tablet": {
                                            "unit": "%",
                                            "size": "",
                                            "sizes": []
                                        },
                                        "_background_hover_color_stop_mobile": {
                                            "unit": "%",
                                            "size": "",
                                            "sizes": []
                                        },
                                        "_background_hover_color_b_stop_tablet": {
                                            "unit": "%",
                                            "size": "",
                                            "sizes": []
                                        },
                                        "_background_hover_color_b_stop_mobile": {
                                            "unit": "%",
                                            "size": "",
                                            "sizes": []
                                        },
                                        "_background_hover_gradient_angle_tablet": {
                                            "unit": "deg",
                                            "size": "",
                                            "sizes": []
                                        },
                                        "_background_hover_gradient_angle_mobile": {
                                            "unit": "deg",
                                            "size": "",
                                            "sizes": []
                                        },
                                        "_background_hover_gradient_position_tablet": "center center",
                                        "_background_hover_gradient_position_mobile": "center center"
                                    },
                                    "elements": [],
                                    "isInner": false,
                                    "widgetType": "image",
                                    "elType": "widget"
                                }
                            ],
                            "isInner": true,
                            "elType": "container"
                        },
                        {
                            "id": "2d051979",
                            "settings": {
                                "flex_direction": "row",
                                "flex_justify_content": "flex-end",
                                "padding": {
                                    "unit": "px",
                                    "top": "0",
                                    "right": "0",
                                    "bottom": "0",
                                    "left": "0",
                                    "isLinked": false
                                },
                                "flex_wrap_mobile": "nowrap"
                            },
                            "elements": [
                                {
                                    "id": "29202a95",
                                    "settings": {
                                        "flex_justify_content": "center",
                                        "padding": {
                                            "unit": "px",
                                            "top": "0",
                                            "right": "0",
                                            "bottom": "0",
                                            "left": "0",
                                            "isLinked": false
                                        }
                                    },
                                    "elements": [
                                        {
                                            "id": "1c09f1d4",
                                            "settings": {
                                                "menu": "menu-1",
                                                "menu_last_item": "cta",
                                                "navmenu_align": "right",
                                                "resp_align": "right",
                                                "padding": {
                                                    "unit": "px",
                                                    "top": "20",
                                                    "right": "40",
                                                    "bottom": "20",
                                                    "left": "40",
                                                    "isLinked": false
                                                },
                                                "all_text_color": "#FFFFFF",
                                                "all_background_color_background": "gradient",
                                                "all_background_color_color_b": "#DCB8C0",
                                                "all_border_radius": {
                                                    "unit": "px",
                                                    "top": "999",
                                                    "right": "999",
                                                    "bottom": "999",
                                                    "left": "999",
                                                    "isLinked": true
                                                },
                                                "all_hover_color": "#FFFFFF",
                                                "all_background_hover_color_background": "gradient",
                                                "all_background_hover_color_color": "#FFFFFF00",
                                                "__globals__": {
                                                    "all_text_color": "globals\/colors?id=a284e8f",
                                                    "all_background_color_color": "globals\/colors?id=6eb27a5",
                                                    "all_background_color_color_b": "globals\/colors?id=ea606d1",
                                                    "all_hover_color": "globals\/colors?id=fada322",
                                                    "all_border_hover_color": "",
                                                    "all_background_hover_color_color": "globals\/colors?id=a284e8f",
                                                    "toggle_color": "globals\/colors?id=a284e8f",
                                                    "menu_typography_typography": "globals\/typography?id=accent",
                                                    "color_menu_item": "globals\/colors?id=a284e8f",
                                                    "color_menu_item_hover": "globals\/colors?id=ea606d1",
                                                    "color_menu_item_active": "globals\/colors?id=ea606d1",
                                                    "bg_color_menu_item_active": "",
                                                    "bg_color_menu_item": "",
                                                    "background_color_dropdown_item": "",
                                                    "all_border_color": "globals\/colors?id=31eb431",
                                                    "all_background_hover_color_color_b": "globals\/colors?id=a284e8f"
                                                },
                                                "padding_vertical_menu_item": {
                                                    "unit": "px",
                                                    "size": 18,
                                                    "sizes": []
                                                },
                                                "menu_space_between": {
                                                    "unit": "px",
                                                    "size": 32,
                                                    "sizes": []
                                                },
                                                "menu_typography_typography": "custom",
                                                "menu_typography_font_family": "Roboto",
                                                "menu_typography_font_weight": "500",
                                                "color_menu_item": "#FFFFFF",
                                                "color_menu_item_hover": "#DCB8C0",
                                                "color_menu_item_active": "#DCB8C0",
                                                "dropdown_border_radius": {
                                                    "unit": "px",
                                                    "top": "25",
                                                    "right": "25",
                                                    "bottom": "25",
                                                    "left": "25",
                                                    "isLinked": true
                                                },
                                                "dropdown_divider_width": {
                                                    "unit": "px",
                                                    "size": 0,
                                                    "sizes": []
                                                },
                                                "toggle_color": "#FFFFFF",
                                                "all_border_width": {
                                                    "unit": "px",
                                                    "top": "1",
                                                    "right": "1",
                                                    "bottom": "1",
                                                    "left": "1",
                                                    "isLinked": true
                                                },
                                                "background_color_dropdown_item": "#06071D",
                                                "all_background_color_gradient_angle": {
                                                    "unit": "deg",
                                                    "size": 148,
                                                    "sizes": []
                                                },
                                                "all_border_border": "none",
                                                "all_border_color": "#FFFFFF00",
                                                "_margin_tablet": {
                                                    "unit": "px",
                                                    "top": "0",
                                                    "right": "-9",
                                                    "bottom": "0",
                                                    "left": "0",
                                                    "isLinked": false
                                                },
                                                "_background_gradient_position_tablet": "center center",
                                                "_background_gradient_position_mobile": "center center",
                                                "_background_hover_gradient_position_tablet": "center center",
                                                "_background_hover_gradient_position_mobile": "center center"
                                            },
                                            "elements": [],
                                            "isInner": false,
                                            "widgetType": "navigation-menu",
                                            "elType": "widget"
                                        }
                                    ],
                                    "isInner": true,
                                    "elType": "container"
                                },
                                {
                                    "id": "4c213d2c",
                                    "settings": {
                                        "content_width": "full",
                                        "width": {
                                            "unit": "%",
                                            "size": 7,
                                            "sizes": []
                                        },
                                        "boxed_width": {
                                            "unit": "px",
                                            "size": 1433,
                                            "sizes": []
                                        },
                                        "flex_justify_content": "center",
                                        "padding": {
                                            "unit": "px",
                                            "top": "0",
                                            "right": "0",
                                            "bottom": "0",
                                            "left": "0",
                                            "isLinked": false
                                        },
                                        "hide_mobile": "hidden-mobile",
                                        "width_tablet": {
                                            "unit": "%",
                                            "size": 10,
                                            "sizes": []
                                        },
                                        "width_mobile": {
                                            "unit": "%",
                                            "size": "",
                                            "sizes": []
                                        }
                                    },
                                    "elements": [
                                        {
                                            "id": "6b094c6e",
                                            "settings": {
                                                "sg_search_placeholder": "Search...",
                                                "sg_search_text": "Search",
                                                "sg_search_icon": {
                                                    "value": "icon icon-search11",
                                                    "library": "ekiticons"
                                                },
                                                "sg_search_alignment_responsive": "right",
                                                "st_icon_normal_background_background_background": "classic",
                                                "st_icon_hover_background_background_background": "classic",
                                                "st_icon_border_radius_responsive": {
                                                    "unit": "px",
                                                    "top": "999",
                                                    "right": "999",
                                                    "bottom": "999",
                                                    "left": "999",
                                                    "isLinked": true
                                                },
                                                "st_icon_height_width_width_responsive": {
                                                    "unit": "px",
                                                    "size": 56,
                                                    "sizes": []
                                                },
                                                "st_icon_height_width_height_responsive": {
                                                    "unit": "px",
                                                    "size": 56,
                                                    "sizes": []
                                                },
                                                "st_icon_height_width_line_height_responsive": {
                                                    "unit": "px",
                                                    "size": 58,
                                                    "sizes": []
                                                },
                                                "st_button_icon_size_responsive": {
                                                    "unit": "px",
                                                    "size": 20,
                                                    "sizes": []
                                                },
                                                "_margin": {
                                                    "unit": "px",
                                                    "top": "-5",
                                                    "right": "0",
                                                    "bottom": "-4",
                                                    "left": "0",
                                                    "isLinked": false
                                                },
                                                "__globals__": {
                                                    "st_icon_normal_color_responsive": "globals\/colors?id=a284e8f",
                                                    "st_icon_normal_background_background_color": "globals\/colors?id=6eb27a5",
                                                    "st_icon_hover_color_responsive": "globals\/colors?id=fada322",
                                                    "st_icon_hover_background_background_color": "globals\/colors?id=a284e8f"
                                                },
                                                "st_icon_alignment_responsive_mobile": "center",
                                                "st_icon_height_width_width_responsive_tablet": {
                                                    "unit": "px",
                                                    "size": 40,
                                                    "sizes": []
                                                },
                                                "st_icon_height_width_width_responsive_mobile": {
                                                    "unit": "px",
                                                    "size": 35,
                                                    "sizes": []
                                                },
                                                "st_icon_height_width_height_responsive_tablet": {
                                                    "unit": "px",
                                                    "size": 40,
                                                    "sizes": []
                                                },
                                                "st_icon_height_width_height_responsive_mobile": {
                                                    "unit": "px",
                                                    "size": 35,
                                                    "sizes": []
                                                },
                                                "st_icon_height_width_line_height_responsive_tablet": {
                                                    "unit": "px",
                                                    "size": 45,
                                                    "sizes": []
                                                },
                                                "st_icon_height_width_line_height_responsive_mobile": {
                                                    "unit": "px",
                                                    "size": 41,
                                                    "sizes": []
                                                },
                                                "st_button_icon_size_responsive_mobile": {
                                                    "unit": "px",
                                                    "size": 20,
                                                    "sizes": []
                                                },
                                                "_margin_mobile": {
                                                    "unit": "px",
                                                    "top": "0",
                                                    "right": "195",
                                                    "bottom": "0",
                                                    "left": "0",
                                                    "isLinked": false
                                                },
                                                "hide_mobile": "hidden-mobile",
                                                "_background_color_stop_tablet": {
                                                    "unit": "%",
                                                    "size": "",
                                                    "sizes": []
                                                },
                                                "_background_color_stop_mobile": {
                                                    "unit": "%",
                                                    "size": "",
                                                    "sizes": []
                                                },
                                                "_background_color_b_stop_tablet": {
                                                    "unit": "%",
                                                    "size": "",
                                                    "sizes": []
                                                },
                                                "_background_color_b_stop_mobile": {
                                                    "unit": "%",
                                                    "size": "",
                                                    "sizes": []
                                                },
                                                "_background_gradient_angle_tablet": {
                                                    "unit": "deg",
                                                    "size": "",
                                                    "sizes": []
                                                },
                                                "_background_gradient_angle_mobile": {
                                                    "unit": "deg",
                                                    "size": "",
                                                    "sizes": []
                                                },
                                                "_background_gradient_position_tablet": "center center",
                                                "_background_gradient_position_mobile": "center center",
                                                "_background_hover_color_stop_tablet": {
                                                    "unit": "%",
                                                    "size": "",
                                                    "sizes": []
                                                },
                                                "_background_hover_color_stop_mobile": {
                                                    "unit": "%",
                                                    "size": "",
                                                    "sizes": []
                                                },
                                                "_background_hover_color_b_stop_tablet": {
                                                    "unit": "%",
                                                    "size": "",
                                                    "sizes": []
                                                },
                                                "_background_hover_color_b_stop_mobile": {
                                                    "unit": "%",
                                                    "size": "",
                                                    "sizes": []
                                                },
                                                "_background_hover_gradient_angle_tablet": {
                                                    "unit": "deg",
                                                    "size": "",
                                                    "sizes": []
                                                },
                                                "_background_hover_gradient_angle_mobile": {
                                                    "unit": "deg",
                                                    "size": "",
                                                    "sizes": []
                                                },
                                                "_background_hover_gradient_position_tablet": "center center",
                                                "_background_hover_gradient_position_mobile": "center center"
                                            },
                                            "elements": [],
                                            "isInner": false,
                                            "widgetType": "jkit_search",
                                            "elType": "widget"
                                        }
                                    ],
                                    "isInner": true,
                                    "elType": "container"
                                }
                            ],
                            "isInner": true,
                            "elType": "container"
                        }
                    ],
                    "isInner": true,
                    "elType": "container"
                }
            ],
            "isInner": false,
            "elType": "container"
        }
    ]
}