{
    "version": "0.4",
    "title": "Contact us",
    "type": "page",
    "metadata": {
        "template_type": "single-page",
        "include_in_zip": "1",
        "elementor_pro_required": "1",
        "wp_page_template": "elementor_header_footer"
    },
    "content": [
        {
            "id": "2037055f",
            "settings": {
                "flex_direction": "column",
                "boxed_width": {
                    "unit": "px",
                    "size": 640,
                    "sizes": []
                },
                "padding": {
                    "unit": "em",
                    "top": "7",
                    "right": "0",
                    "bottom": "0",
                    "left": "0",
                    "isLinked": false
                },
                "padding_tablet": {
                    "unit": "em",
                    "top": "6",
                    "right": "0",
                    "bottom": "0",
                    "left": "0",
                    "isLinked": false
                },
                "padding_mobile": {
                    "unit": "em",
                    "top": "5",
                    "right": "0",
                    "bottom": "0",
                    "left": "0",
                    "isLinked": false
                },
                "background_background": "classic",
                "background_image": {
                    "url": "http:\/\/theme.creativemox.com\/digimax\/wp-content\/uploads\/sites\/7\/2024\/01\/bg_pattern.png",
                    "id": 198,
                    "size": "",
                    "alt": "",
                    "source": "library"
                },
                "background_overlay_background": "gradient",
                "background_overlay_opacity": {
                    "unit": "px",
                    "size": 1,
                    "sizes": []
                },
                "__globals__": {
                    "background_overlay_color": "globals\/colors?id=044b931",
                    "border_color": "globals\/colors?id=accent",
                    "background_overlay_color_b": ""
                },
                "background_overlay_color": "#0A0118",
                "background_overlay_color_stop": {
                    "unit": "%",
                    "size": 10,
                    "sizes": []
                },
                "background_overlay_color_b": "#0A0118CC",
                "background_overlay_gradient_type": "radial",
                "background_overlay_gradient_position": "top center",
                "border_border": "solid",
                "border_width": {
                    "unit": "px",
                    "top": "0",
                    "right": "0",
                    "bottom": "1",
                    "left": "0",
                    "isLinked": false
                },
                "border_color": "#FFFFFF2B",
                "border_radius": {
                    "unit": "px",
                    "top": "0",
                    "right": "0",
                    "bottom": "100",
                    "left": "100",
                    "isLinked": false
                },
                "margin": {
                    "unit": "em",
                    "top": "",
                    "right": "",
                    "bottom": "",
                    "left": "",
                    "isLinked": true
                },
                "margin_tablet": {
                    "unit": "em",
                    "top": "",
                    "right": "",
                    "bottom": "",
                    "left": "",
                    "isLinked": true
                },
                "margin_mobile": {
                    "unit": "em",
                    "top": "",
                    "right": "",
                    "bottom": "",
                    "left": "",
                    "isLinked": true
                },
                "border_radius_tablet": {
                    "unit": "px",
                    "top": "0",
                    "right": "0",
                    "bottom": "50",
                    "left": "50",
                    "isLinked": false
                },
                "border_radius_mobile": {
                    "unit": "px",
                    "top": "0",
                    "right": "0",
                    "bottom": "25",
                    "left": "25",
                    "isLinked": false
                }
            },
            "elements": [
                {
                    "id": "7ba44516",
                    "settings": {
                        "padding": {
                            "unit": "em",
                            "top": "7",
                            "right": "2",
                            "bottom": "7",
                            "left": "2",
                            "isLinked": false
                        },
                        "padding_tablet": {
                            "unit": "em",
                            "top": "5",
                            "right": "2",
                            "bottom": "5",
                            "left": "2",
                            "isLinked": false
                        },
                        "padding_mobile": {
                            "unit": "em",
                            "top": "3",
                            "right": "1",
                            "bottom": "3",
                            "left": "1",
                            "isLinked": false
                        },
                        "flex_gap_mobile": {
                            "column": "14",
                            "row": "14",
                            "isLinked": true,
                            "unit": "px",
                            "size": 14
                        },
                        "background_background": "classic",
                        "background_image": {
                            "url": "http:\/\/theme.creativemox.com\/digimax\/wp-content\/uploads\/sites\/7\/2024\/01\/bg__img3.png",
                            "id": 208,
                            "size": "",
                            "alt": "",
                            "source": "library"
                        },
                        "background_position": "center center",
                        "background_repeat": "no-repeat",
                        "background_size": "cover",
                        "background_overlay_background": "gradient",
                        "background_overlay_color": "#0A011880",
                        "background_overlay_color_b": "#0A011833",
                        "background_overlay_gradient_type": "radial",
                        "background_overlay_opacity": {
                            "unit": "px",
                            "size": 1,
                            "sizes": []
                        },
                        "__globals__": {
                            "background_overlay_color": "",
                            "background_overlay_color_b": ""
                        }
                    },
                    "elements": [
                        {
                            "id": "52707842",
                            "settings": {
                                "title": "Heading",
                                "header_size": "h1",
                                "align": "center",
                                "_animation": "fadeInDown",
                                "_animation_delay": 200,
                                "__dynamic__": {
                                    "title": "[elementor-tag id=\"8abfe79\" name=\"post-title\" settings=\"%7B%7D\"]"
                                }
                            },
                            "elements": [],
                            "isInner": false,
                            "widgetType": "heading",
                            "elType": "widget"
                        },
                        {
                            "id": "7dbdf332",
                            "settings": {
                                "title": "Start the conversation to established good relationship and business.\n",
                                "header_size": "h4",
                                "align": "center",
                                "__dynamic__": [],
                                "_animation": "fadeInUp",
                                "_animation_delay": 300
                            },
                            "elements": [],
                            "isInner": false,
                            "widgetType": "heading",
                            "elType": "widget"
                        }
                    ],
                    "isInner": true,
                    "elType": "container"
                }
            ],
            "isInner": false,
            "elType": "container"
        },
        {
            "id": "1f043589",
            "settings": {
                "flex_direction": "row",
                "flex_justify_content": "space-between",
                "flex_gap": {
                    "column": "0",
                    "row": "0",
                    "isLinked": false,
                    "unit": "px",
                    "size": 0
                },
                "flex_wrap": "wrap",
                "padding": {
                    "unit": "em",
                    "top": "7",
                    "right": "0",
                    "bottom": "7",
                    "left": "0",
                    "isLinked": false
                },
                "padding_tablet": {
                    "unit": "em",
                    "top": "3",
                    "right": "1",
                    "bottom": "3",
                    "left": "0",
                    "isLinked": false
                },
                "padding_mobile": {
                    "unit": "em",
                    "top": "0",
                    "right": "0",
                    "bottom": "0",
                    "left": "0",
                    "isLinked": false
                }
            },
            "elements": [
                {
                    "id": "4f364a08",
                    "settings": {
                        "content_width": "full",
                        "width": {
                            "unit": "%",
                            "size": 55,
                            "sizes": []
                        },
                        "padding": {
                            "unit": "em",
                            "top": "3",
                            "right": "5",
                            "bottom": "3",
                            "left": "1",
                            "isLinked": false
                        },
                        "padding_tablet": {
                            "unit": "em",
                            "top": "2",
                            "right": "2",
                            "bottom": "2",
                            "left": "2",
                            "isLinked": true
                        },
                        "padding_mobile": {
                            "unit": "em",
                            "top": "",
                            "right": "",
                            "bottom": "",
                            "left": "",
                            "isLinked": true
                        },
                        "width_tablet": {
                            "unit": "%",
                            "size": 50,
                            "sizes": []
                        },
                        "width_mobile": {
                            "unit": "%",
                            "size": "",
                            "sizes": []
                        },
                        "animation": "fadeInLeft"
                    },
                    "elements": [
                        {
                            "id": "5ce79c17",
                            "settings": {
                                "title": "Get in touch",
                                "header_size": "h6"
                            },
                            "elements": [],
                            "isInner": false,
                            "widgetType": "heading",
                            "elType": "widget"
                        },
                        {
                            "id": "4174e474",
                            "settings": {
                                "title": "Seamless Communication, Global Impact."
                            },
                            "elements": [],
                            "isInner": false,
                            "widgetType": "heading",
                            "elType": "widget"
                        },
                        {
                            "id": "1339473b",
                            "settings": [],
                            "elements": [],
                            "isInner": false,
                            "widgetType": "text-editor",
                            "elType": "widget"
                        },
                        {
                            "id": "1a7fe6d1",
                            "settings": {
                                "flex_direction": "row",
                                "flex_justify_content": "space-between",
                                "flex_wrap": "wrap",
                                "border_border": "solid",
                                "border_width": {
                                    "unit": "px",
                                    "top": "1",
                                    "right": "0",
                                    "bottom": "1",
                                    "left": "0",
                                    "isLinked": false
                                },
                                "padding": {
                                    "unit": "px",
                                    "top": "21",
                                    "right": "0",
                                    "bottom": "21",
                                    "left": "0",
                                    "isLinked": false
                                },
                                "__globals__": {
                                    "border_color": "globals\/colors?id=accent"
                                }
                            },
                            "elements": [
                                {
                                    "id": "493fa7af",
                                    "settings": {
                                        "selected_icon": {
                                            "value": "icon icon-map-marker1",
                                            "library": "ekiticons"
                                        },
                                        "view": "stacked",
                                        "title_text": "Head Office",
                                        "description_text": "Jln Cempaka Wangi No 22 <\/br>\nJakarta - Indonesia",
                                        "title_size": "div",
                                        "position": "left",
                                        "position_mobile": "left",
                                        "text_align": "left",
                                        "icon_space": {
                                            "unit": "px",
                                            "size": 14,
                                            "sizes": []
                                        },
                                        "icon_size": {
                                            "unit": "px",
                                            "size": 28,
                                            "sizes": []
                                        },
                                        "title_bottom_space": {
                                            "unit": "px",
                                            "size": 7,
                                            "sizes": []
                                        },
                                        "title_bottom_space_mobile": {
                                            "unit": "px",
                                            "size": 3,
                                            "sizes": []
                                        },
                                        "_element_width": "initial",
                                        "_element_width_tablet": "inherit",
                                        "_element_custom_width": {
                                            "unit": "%",
                                            "size": 48,
                                            "sizes": []
                                        },
                                        "__globals__": {
                                            "primary_color": "globals\/colors?id=3ee16e7",
                                            "secondary_color": "globals\/colors?id=text",
                                            "title_typography_typography": "globals\/typography?id=84ca66e",
                                            "title_color": "globals\/colors?id=secondary"
                                        }
                                    },
                                    "elements": [],
                                    "isInner": false,
                                    "widgetType": "icon-box",
                                    "elType": "widget"
                                },
                                {
                                    "id": "7fd15289",
                                    "settings": {
                                        "selected_icon": {
                                            "value": "lnr lnr-envelope",
                                            "library": "skb_cife-linearicons-icon"
                                        },
                                        "view": "stacked",
                                        "title_text": "Email Support",
                                        "description_text": "support@yourdomain.tld <\/br>\nhello@yourdomain.tld",
                                        "title_size": "div",
                                        "position": "left",
                                        "position_mobile": "left",
                                        "text_align": "left",
                                        "icon_space": {
                                            "unit": "px",
                                            "size": 14,
                                            "sizes": []
                                        },
                                        "icon_size": {
                                            "unit": "px",
                                            "size": 28,
                                            "sizes": []
                                        },
                                        "title_bottom_space": {
                                            "unit": "px",
                                            "size": 7,
                                            "sizes": []
                                        },
                                        "title_bottom_space_mobile": {
                                            "unit": "px",
                                            "size": 3,
                                            "sizes": []
                                        },
                                        "_element_width": "initial",
                                        "_element_width_tablet": "inherit",
                                        "_element_custom_width": {
                                            "unit": "%",
                                            "size": 48,
                                            "sizes": []
                                        },
                                        "__globals__": {
                                            "primary_color": "globals\/colors?id=3ee16e7",
                                            "secondary_color": "globals\/colors?id=text",
                                            "title_typography_typography": "globals\/typography?id=84ca66e",
                                            "title_color": "globals\/colors?id=secondary"
                                        }
                                    },
                                    "elements": [],
                                    "isInner": false,
                                    "widgetType": "icon-box",
                                    "elType": "widget"
                                },
                                {
                                    "id": "6efa52ea",
                                    "settings": {
                                        "selected_icon": {
                                            "value": "icon icon-phone-handset",
                                            "library": "ekiticons"
                                        },
                                        "view": "stacked",
                                        "title_text": "Let's Talk",
                                        "description_text": "Phone : +6221.2002.2012 <\/br>\nFax : +6221.2002.2013",
                                        "title_size": "div",
                                        "position": "left",
                                        "position_mobile": "left",
                                        "text_align": "left",
                                        "icon_space": {
                                            "unit": "px",
                                            "size": 14,
                                            "sizes": []
                                        },
                                        "icon_size": {
                                            "unit": "px",
                                            "size": 28,
                                            "sizes": []
                                        },
                                        "title_bottom_space": {
                                            "unit": "px",
                                            "size": 7,
                                            "sizes": []
                                        },
                                        "title_bottom_space_mobile": {
                                            "unit": "px",
                                            "size": 3,
                                            "sizes": []
                                        },
                                        "_element_width": "initial",
                                        "_element_width_tablet": "inherit",
                                        "_element_custom_width": {
                                            "unit": "%",
                                            "size": 48,
                                            "sizes": []
                                        },
                                        "__globals__": {
                                            "primary_color": "globals\/colors?id=3ee16e7",
                                            "secondary_color": "globals\/colors?id=text",
                                            "title_typography_typography": "globals\/typography?id=84ca66e",
                                            "title_color": "globals\/colors?id=secondary"
                                        }
                                    },
                                    "elements": [],
                                    "isInner": false,
                                    "widgetType": "icon-box",
                                    "elType": "widget"
                                },
                                {
                                    "id": "d7180c",
                                    "settings": {
                                        "selected_icon": {
                                            "value": "icon icon-clock2",
                                            "library": "ekiticons"
                                        },
                                        "view": "stacked",
                                        "title_text": "Working Hours",
                                        "description_text": "Monday - Friday <\/br>\n07am - 09pm",
                                        "title_size": "div",
                                        "position": "left",
                                        "position_mobile": "left",
                                        "text_align": "left",
                                        "icon_space": {
                                            "unit": "px",
                                            "size": 14,
                                            "sizes": []
                                        },
                                        "icon_size": {
                                            "unit": "px",
                                            "size": 28,
                                            "sizes": []
                                        },
                                        "title_bottom_space": {
                                            "unit": "px",
                                            "size": 7,
                                            "sizes": []
                                        },
                                        "title_bottom_space_mobile": {
                                            "unit": "px",
                                            "size": 3,
                                            "sizes": []
                                        },
                                        "_element_width": "initial",
                                        "_element_width_tablet": "inherit",
                                        "_element_custom_width": {
                                            "unit": "%",
                                            "size": 48,
                                            "sizes": []
                                        },
                                        "__globals__": {
                                            "primary_color": "globals\/colors?id=3ee16e7",
                                            "secondary_color": "globals\/colors?id=text",
                                            "title_typography_typography": "globals\/typography?id=84ca66e",
                                            "title_color": "globals\/colors?id=secondary"
                                        }
                                    },
                                    "elements": [],
                                    "isInner": false,
                                    "widgetType": "icon-box",
                                    "elType": "widget"
                                }
                            ],
                            "isInner": true,
                            "elType": "container"
                        },
                        {
                            "id": "6093456a",
                            "settings": {
                                "title": "Follow our social media",
                                "header_size": "h4"
                            },
                            "elements": [],
                            "isInner": false,
                            "widgetType": "heading",
                            "elType": "widget"
                        },
                        {
                            "id": "649993e5",
                            "settings": {
                                "social_icon_list": [
                                    {
                                        "social_icon": {
                                            "value": "fab fa-facebook-f",
                                            "library": "fa-brands"
                                        },
                                        "_id": "c8c89fb"
                                    },
                                    {
                                        "social_icon": {
                                            "value": "fab fa-dribbble",
                                            "library": "fa-brands"
                                        },
                                        "_id": "4a94a4a"
                                    },
                                    {
                                        "social_icon": {
                                            "value": "fab fa-instagram",
                                            "library": "fa-brands"
                                        },
                                        "_id": "49d4c56"
                                    },
                                    {
                                        "social_icon": {
                                            "value": "fab fa-linkedin-in",
                                            "library": "fa-brands"
                                        },
                                        "_id": "c9fa604"
                                    },
                                    {
                                        "social_icon": {
                                            "value": "fab fa-youtube",
                                            "library": "fa-brands"
                                        },
                                        "_id": "da158bb"
                                    }
                                ],
                                "shape": "circle",
                                "align": "",
                                "icon_color": "custom",
                                "icon_size": {
                                    "unit": "px",
                                    "size": 21,
                                    "sizes": []
                                },
                                "hover_animation": "pop",
                                "__globals__": {
                                    "icon_primary_color": "globals\/colors?id=text",
                                    "icon_secondary_color": "globals\/colors?id=044b931",
                                    "hover_primary_color": "globals\/colors?id=c94d9ab",
                                    "hover_secondary_color": "globals\/colors?id=text"
                                },
                                "icon_size_mobile": {
                                    "unit": "px",
                                    "size": 16,
                                    "sizes": []
                                }
                            },
                            "elements": [],
                            "isInner": false,
                            "widgetType": "social-icons",
                            "elType": "widget"
                        }
                    ],
                    "isInner": true,
                    "elType": "container"
                },
                {
                    "id": "7c9fdfa6",
                    "settings": {
                        "content_width": "full",
                        "width": {
                            "unit": "%",
                            "size": 45,
                            "sizes": []
                        },
                        "background_background": "gradient",
                        "background_gradient_type": "radial",
                        "background_gradient_position": "top left",
                        "border_border": "solid",
                        "border_width": {
                            "unit": "px",
                            "top": "1",
                            "right": "1",
                            "bottom": "1",
                            "left": "1",
                            "isLinked": true
                        },
                        "border_radius": {
                            "unit": "px",
                            "top": "10",
                            "right": "10",
                            "bottom": "10",
                            "left": "10",
                            "isLinked": true
                        },
                        "padding": {
                            "unit": "em",
                            "top": "3",
                            "right": "3",
                            "bottom": "3",
                            "left": "3",
                            "isLinked": true
                        },
                        "padding_tablet": {
                            "unit": "em",
                            "top": "",
                            "right": "",
                            "bottom": "",
                            "left": "",
                            "isLinked": true
                        },
                        "padding_mobile": {
                            "unit": "em",
                            "top": "2",
                            "right": "2",
                            "bottom": "2",
                            "left": "2",
                            "isLinked": true
                        },
                        "__globals__": {
                            "background_color": "globals\/colors?id=c94d9ab",
                            "background_color_b": "globals\/colors?id=044b931",
                            "border_color": "globals\/colors?id=4d462f5"
                        },
                        "width_tablet": {
                            "unit": "%",
                            "size": 50,
                            "sizes": []
                        },
                        "width_mobile": {
                            "unit": "%",
                            "size": "",
                            "sizes": []
                        },
                        "margin_mobile": {
                            "unit": "px",
                            "top": "10",
                            "right": "10",
                            "bottom": "10",
                            "left": "10",
                            "isLinked": true
                        },
                        "animation": "fadeInRight"
                    },
                    "elements": [
                        {
                            "id": "5aed868",
                            "settings": {
                                "title": "Send us a message"
                            },
                            "elements": [],
                            "isInner": false,
                            "widgetType": "heading",
                            "elType": "widget"
                        },
                        {
                            "id": "1c5df499",
                            "settings": {
                                "title": "Please feel free to send us any questions, feedback or suggestions you might have.",
                                "header_size": "div",
                                "__globals__": {
                                    "typography_typography": "globals\/typography?id=b2ce6af"
                                }
                            },
                            "elements": [],
                            "isInner": false,
                            "widgetType": "heading",
                            "elType": "widget"
                        },
                        {
                            "id": "5b361f0f",
                            "settings": {
                                "form_name": "New Form",
                                "form_fields": [
                                    {
                                        "custom_id": "name",
                                        "field_label": "Name",
                                        "placeholder": "Name",
                                        "width": "50",
                                        "dynamic": {
                                            "active": true
                                        },
                                        "_id": "02fd467",
                                        "width_tablet": "100"
                                    },
                                    {
                                        "custom_id": "field_70d8667",
                                        "field_label": "Company",
                                        "placeholder": "Company",
                                        "width": "50",
                                        "dynamic": {
                                            "active": true
                                        },
                                        "width_tablet": "100",
                                        "_id": "70d8667"
                                    },
                                    {
                                        "custom_id": "field_57c2051",
                                        "field_type": "tel",
                                        "field_label": "Phone",
                                        "placeholder": "Phone",
                                        "width": "50",
                                        "dynamic": {
                                            "active": true
                                        },
                                        "required": "true",
                                        "_id": "57c2051"
                                    },
                                    {
                                        "custom_id": "email",
                                        "field_type": "email",
                                        "required": "true",
                                        "field_label": "Email",
                                        "placeholder": "Email",
                                        "width": "50",
                                        "_id": "e1eca43"
                                    },
                                    {
                                        "custom_id": "field_5aa0e4f",
                                        "required": "true",
                                        "field_label": "Subject",
                                        "placeholder": "Subject",
                                        "_id": "5aa0e4f"
                                    },
                                    {
                                        "custom_id": "field_746556e",
                                        "required": "true",
                                        "field_label": "Subject",
                                        "placeholder": "Subject",
                                        "_id": "746556e"
                                    },
                                    {
                                        "custom_id": "message",
                                        "field_type": "textarea",
                                        "field_label": "Message",
                                        "placeholder": "Message",
                                        "_id": "aec98a9"
                                    }
                                ],
                                "step_next_label": "Next",
                                "step_previous_label": "Previous",
                                "button_text": "Send Message",
                                "selected_button_icon": {
                                    "value": "icons icon-envelope",
                                    "library": "skb_cife-simple_line-icon"
                                },
                                "email_content": "[all-fields]",
                                "email_content_2": "[all-fields]",
                                "success_message": "Your submission was successful.",
                                "error_message": "Your submission failed because of an error.",
                                "server_message": "Your submission failed because of a server error.",
                                "invalid_message": "Your submission failed because the form is invalid.",
                                "required_field_message": "This field is required.",
                                "field_background_color": ""
                            },
                            "elements": [],
                            "isInner": false,
                            "widgetType": "form",
                            "elType": "widget"
                        }
                    ],
                    "isInner": true,
                    "elType": "container"
                }
            ],
            "isInner": false,
            "elType": "container"
        },
        {
            "id": "465f76f",
            "settings": {
                "flex_direction": "row",
                "content_width": "full",
                "padding": {
                    "unit": "px",
                    "top": "0",
                    "right": "0",
                    "bottom": "0",
                    "left": "0",
                    "isLinked": false
                },
                "animation": "fadeIn",
                "animation_delay": 200
            },
            "elements": [
                {
                    "id": "5c98d386",
                    "settings": {
                        "address": "London Eye, London, United Kingdom",
                        "zoom": {
                            "unit": "px",
                            "size": 14,
                            "sizes": []
                        },
                        "height": {
                            "unit": "px",
                            "size": 500,
                            "sizes": []
                        },
                        "height_tablet": {
                            "unit": "px",
                            "size": 400,
                            "sizes": []
                        },
                        "height_mobile": {
                            "unit": "px",
                            "size": 350,
                            "sizes": []
                        },
                        "css_filters_css_filter": "custom",
                        "css_filters_saturate": {
                            "unit": "px",
                            "size": 0,
                            "sizes": []
                        },
                        "css_filters_hover_css_filter": "custom",
                        "hover_transition": {
                            "unit": "px",
                            "size": 1,
                            "sizes": []
                        }
                    },
                    "elements": [],
                    "isInner": false,
                    "widgetType": "google_maps",
                    "elType": "widget"
                }
            ],
            "isInner": false,
            "elType": "container"
        }
    ]
}