{
    "version": "0.4",
    "title": "DigiMax &#8211; Archive Blog",
    "type": "archive",
    "metadata": {
        "template_type": "archive-blog",
        "include_in_zip": "1",
        "elementor_pro_required": "1",
        "elementor_library_type": "archive",
        "elementor_pro_conditions": [
            "include\/archive"
        ],
        "additional_template_information": [
            "This is a \"Archive\" template for Elementor Pro.",
            "This template will display on: All Archives."
        ],
        "wp_page_template": "default"
    },
    "content": [
        {
            "id": "7ceaccf8",
            "settings": {
                "flex_direction": "column",
                "boxed_width": {
                    "unit": "px",
                    "size": 640,
                    "sizes": []
                },
                "padding": {
                    "unit": "em",
                    "top": "7",
                    "right": "0",
                    "bottom": "0",
                    "left": "0",
                    "isLinked": false
                },
                "padding_tablet": {
                    "unit": "em",
                    "top": "6",
                    "right": "0",
                    "bottom": "0",
                    "left": "0",
                    "isLinked": false
                },
                "padding_mobile": {
                    "unit": "em",
                    "top": "5",
                    "right": "0",
                    "bottom": "0",
                    "left": "0",
                    "isLinked": false
                },
                "background_background": "classic",
                "background_image": {
                    "url": "http:\/\/theme.creativemox.com\/digimax\/wp-content\/uploads\/sites\/7\/2024\/01\/bg__img2.png",
                    "id": 139,
                    "size": "",
                    "alt": "",
                    "source": "library"
                },
                "background_position": "top center",
                "background_repeat": "no-repeat",
                "background_size": "cover",
                "background_overlay_background": "classic",
                "background_overlay_opacity": {
                    "unit": "px",
                    "size": 0.59999999999999997779553950749686919152736663818359375,
                    "sizes": []
                },
                "__globals__": {
                    "background_overlay_color": "globals\/colors?id=044b931"
                }
            },
            "elements": [
                {
                    "id": "445a0932",
                    "settings": {
                        "padding": {
                            "unit": "em",
                            "top": "7",
                            "right": "2",
                            "bottom": "7",
                            "left": "2",
                            "isLinked": false
                        },
                        "padding_tablet": {
                            "unit": "em",
                            "top": "5",
                            "right": "2",
                            "bottom": "5",
                            "left": "2",
                            "isLinked": false
                        },
                        "padding_mobile": {
                            "unit": "em",
                            "top": "3",
                            "right": "1",
                            "bottom": "3",
                            "left": "1",
                            "isLinked": false
                        },
                        "flex_gap_mobile": {
                            "column": "14",
                            "row": "14",
                            "isLinked": true,
                            "unit": "px",
                            "size": 14
                        }
                    },
                    "elements": [
                        {
                            "id": "4a91a3cb",
                            "settings": {
                                "title": "Article & News",
                                "header_size": "h1",
                                "align": "center",
                                "_animation": "fadeInDown",
                                "_animation_delay": 200
                            },
                            "elements": [],
                            "isInner": false,
                            "widgetType": "heading",
                            "elType": "widget"
                        },
                        {
                            "id": "58cfbde5",
                            "settings": {
                                "title": "Add Your Heading Text Here",
                                "header_size": "h4",
                                "align": "center",
                                "__dynamic__": {
                                    "title": "[elementor-tag id=\"3a33c12\" name=\"archive-title\" settings=\"%7B%7D\"]"
                                },
                                "_animation": "fadeInUp",
                                "_animation_delay": 300
                            },
                            "elements": [],
                            "isInner": false,
                            "widgetType": "heading",
                            "elType": "widget"
                        }
                    ],
                    "isInner": true,
                    "elType": "container"
                }
            ],
            "isInner": false,
            "elType": "container"
        },
        {
            "id": "79c1924c",
            "settings": {
                "flex_direction": "column",
                "padding": {
                    "unit": "em",
                    "top": "0",
                    "right": "0",
                    "bottom": "7",
                    "left": "0",
                    "isLinked": false
                },
                "padding_tablet": {
                    "unit": "em",
                    "top": "0",
                    "right": "1",
                    "bottom": "3",
                    "left": "1",
                    "isLinked": false
                },
                "padding_mobile": {
                    "unit": "px",
                    "top": "0",
                    "right": "10",
                    "bottom": "35",
                    "left": "10",
                    "isLinked": false
                }
            },
            "elements": [
                {
                    "id": "6a9f254e",
                    "settings": {
                        "_skin": "archive_cards",
                        "archive_classic_meta_separator": "\/\/\/",
                        "archive_classic_read_more_text": "Read More \u00bb",
                        "archive_cards_thumbnail_size_size": "full",
                        "archive_cards_title_tag": "div",
                        "archive_cards_excerpt_length": 25,
                        "archive_cards_apply_to_custom_excerpt": "yes",
                        "archive_cards_meta_separator": "\u2022",
                        "archive_cards_show_read_more": "",
                        "archive_cards_read_more_text": "Read More \u00bb",
                        "archive_cards_show_avatar": "",
                        "archive_full_content_meta_separator": "\/\/\/",
                        "archive_cards_column_gap": {
                            "unit": "px",
                            "size": 35,
                            "sizes": []
                        },
                        "archive_cards_card_border_width": {
                            "unit": "px",
                            "size": 1,
                            "sizes": []
                        },
                        "archive_cards_card_border_radius": {
                            "unit": "px",
                            "size": 10,
                            "sizes": []
                        },
                        "archive_cards_card_padding": {
                            "unit": "px",
                            "size": 21,
                            "sizes": []
                        },
                        "archive_cards_image_spacing": {
                            "unit": "px",
                            "size": 0,
                            "sizes": []
                        },
                        "archive_cards_badge_margin": {
                            "unit": "px",
                            "size": 21,
                            "sizes": []
                        },
                        "archive_cards_title_spacing": {
                            "unit": "px",
                            "size": 21,
                            "sizes": []
                        },
                        "archive_cards_excerpt_spacing": {
                            "unit": "px",
                            "size": 21,
                            "sizes": []
                        },
                        "pagination_type": "load_more_on_click",
                        "pagination_page_limit": "5",
                        "pagination_prev_label": "&laquo; Previous",
                        "pagination_next_label": "Next &raquo;",
                        "text": "Load More",
                        "load_more_no_posts_custom_message": "No more posts to show",
                        "nothing_found_message": "It seems we can&#039;t find what you&#039;re looking for.",
                        "__globals__": {
                            "archive_cards_card_bg_color": "globals\/colors?id=cfa1f76",
                            "archive_cards_meta_border_color": "globals\/colors?id=4d462f5",
                            "archive_cards_badge_bg_color": "globals\/colors?id=ec3c7a7",
                            "archive_cards_badge_color": "globals\/colors?id=secondary",
                            "archive_cards_title_typography_typography": "globals\/typography?id=7044a64",
                            "archive_cards_title_color": "globals\/colors?id=secondary",
                            "archive_cards_meta_typography_typography": "globals\/typography?id=112b6c4",
                            "archive_cards_meta_color": "globals\/colors?id=primary",
                            "archive_cards_excerpt_typography_typography": "globals\/typography?id=b2ce6af",
                            "archive_cards_excerpt_color": "globals\/colors?id=primary",
                            "archive_cards_card_border_color": "globals\/colors?id=4d462f5"
                        },
                        "archive_cards_item_ratio_mobile": {
                            "unit": "px",
                            "size": 0.66000000000000003108624468950438313186168670654296875,
                            "sizes": []
                        },
                        "archive_cards_column_gap_tablet": {
                            "unit": "px",
                            "size": 21,
                            "sizes": []
                        },
                        "archive_cards_row_gap_tablet": {
                            "unit": "px",
                            "size": 21,
                            "sizes": []
                        },
                        "_animation": "fadeIn",
                        "_animation_delay": 300
                    },
                    "elements": [],
                    "isInner": false,
                    "widgetType": "archive-posts",
                    "elType": "widget"
                }
            ],
            "isInner": false,
            "elType": "container"
        }
    ]
}