{
    "version": "0.4",
    "title": "DigiMax &#8211; Header",
    "type": "header",
    "metadata": {
        "template_type": "section-header",
        "include_in_zip": "1",
        "elementor_pro_required": "1",
        "elementor_library_type": "header",
        "elementor_pro_conditions": [
            "include\/general"
        ],
        "additional_template_information": [
            "This is a \"Header\" template for Elementor Pro.",
            "This template will display on: Entire Site."
        ],
        "wp_page_template": "default"
    },
    "content": [
        {
            "id": "74692f1",
            "settings": {
                "flex_direction": "column",
                "padding": {
                    "unit": "em",
                    "top": "0",
                    "right": "0",
                    "bottom": "0",
                    "left": "0",
                    "isLinked": false
                },
                "padding_tablet": {
                    "unit": "em",
                    "top": "",
                    "right": "",
                    "bottom": "",
                    "left": "",
                    "isLinked": true
                },
                "padding_mobile": {
                    "unit": "em",
                    "top": "",
                    "right": "",
                    "bottom": "",
                    "left": "",
                    "isLinked": true
                },
                "flex_gap": {
                    "column": "0",
                    "row": "0",
                    "isLinked": false,
                    "unit": "px",
                    "size": 0
                },
                "margin": {
                    "unit": "em",
                    "top": "0",
                    "right": "0",
                    "bottom": "-7",
                    "left": "0",
                    "isLinked": false
                },
                "margin_tablet": {
                    "unit": "em",
                    "top": "0",
                    "right": "0",
                    "bottom": "-6",
                    "left": "0",
                    "isLinked": false
                },
                "margin_mobile": {
                    "unit": "em",
                    "top": "0",
                    "right": "0",
                    "bottom": "-5",
                    "left": "0",
                    "isLinked": false
                },
                "z_index": 99,
                "background_background": "classic",
                "background_color": "#0A0118FA",
                "background_motion_fx_motion_fx_scrolling": "yes",
                "background_motion_fx_opacity_effect": "yes",
                "background_motion_fx_opacity_range": {
                    "unit": "%",
                    "size": "",
                    "sizes": {
                        "start": 100,
                        "end": 100
                    }
                },
                "background_motion_fx_blur_range": {
                    "unit": "%",
                    "size": "",
                    "sizes": {
                        "start": 100,
                        "end": 100
                    }
                },
                "sticky": "top",
                "__globals__": {
                    "background_color": ""
                }
            },
            "elements": [
                {
                    "id": "171cd5cb",
                    "settings": {
                        "flex_direction": "row",
                        "flex_justify_content": "space-between",
                        "flex_gap": {
                            "column": "0",
                            "row": "0",
                            "isLinked": false,
                            "unit": "px",
                            "size": 0
                        },
                        "flex_wrap": "wrap",
                        "background_background": "classic",
                        "padding": {
                            "unit": "px",
                            "top": "0",
                            "right": "10",
                            "bottom": "0",
                            "left": "10",
                            "isLinked": false
                        },
                        "__globals__": {
                            "background_color": "",
                            "background_color_b": "globals\/colors?id=c94d9ab"
                        },
                        "background_gradient_angle": {
                            "unit": "deg",
                            "size": 135,
                            "sizes": []
                        },
                        "background_motion_fx_opacity_effect": "yes",
                        "background_motion_fx_opacity_range": {
                            "unit": "%",
                            "size": "",
                            "sizes": {
                                "start": 100,
                                "end": 100
                            }
                        },
                        "border_radius": {
                            "unit": "px",
                            "top": "10",
                            "right": "10",
                            "bottom": "10",
                            "left": "10",
                            "isLinked": true
                        },
                        "padding_tablet": {
                            "unit": "px",
                            "top": "0",
                            "right": "0",
                            "bottom": "0",
                            "left": "0",
                            "isLinked": true
                        },
                        "padding_mobile": {
                            "unit": "px",
                            "top": "0",
                            "right": "0",
                            "bottom": "0",
                            "left": "0",
                            "isLinked": false
                        },
                        "z_index": 99,
                        "background_color_b": "#2B2338",
                        "sticky_offset": 14
                    },
                    "elements": [
                        {
                            "id": "2798a028",
                            "settings": {
                                "content_width": "full",
                                "width": {
                                    "unit": "%",
                                    "size": 20,
                                    "sizes": []
                                },
                                "width_mobile": {
                                    "unit": "%",
                                    "size": 80,
                                    "sizes": []
                                },
                                "width_tablet": {
                                    "unit": "%",
                                    "size": 30,
                                    "sizes": []
                                }
                            },
                            "elements": [
                                {
                                    "id": "390a1577",
                                    "settings": {
                                        "image": {
                                            "url": "http:\/\/theme.creativemox.com\/digimax\/wp-content\/uploads\/sites\/7\/2024\/01\/logo_digimax.png",
                                            "id": 51,
                                            "size": "",
                                            "alt": "",
                                            "source": "library"
                                        },
                                        "image_size": "custom",
                                        "image_custom_dimension": {
                                            "width": "",
                                            "height": "49"
                                        },
                                        "align": "left",
                                        "link_to": "custom",
                                        "height": {
                                            "unit": "px",
                                            "size": 49,
                                            "sizes": []
                                        },
                                        "object-fit": "contain",
                                        "__dynamic__": {
                                            "link": "[elementor-tag id=\"bd1736c\" name=\"site-url\" settings=\"%7B%7D\"]"
                                        },
                                        "height_mobile": {
                                            "unit": "px",
                                            "size": 42,
                                            "sizes": []
                                        }
                                    },
                                    "elements": [],
                                    "isInner": false,
                                    "widgetType": "image",
                                    "elType": "widget"
                                }
                            ],
                            "isInner": true,
                            "elType": "container"
                        },
                        {
                            "id": "65e876a9",
                            "settings": {
                                "content_width": "full",
                                "width": {
                                    "unit": "%",
                                    "size": 80,
                                    "sizes": []
                                },
                                "flex_direction": "row",
                                "flex_justify_content": "flex-end",
                                "flex_align_items": "center",
                                "flex_wrap": "wrap",
                                "padding": {
                                    "unit": "px",
                                    "top": "0",
                                    "right": "0",
                                    "bottom": "0",
                                    "left": "0",
                                    "isLinked": false
                                },
                                "width_mobile": {
                                    "unit": "%",
                                    "size": 20,
                                    "sizes": []
                                },
                                "padding_mobile": {
                                    "unit": "px",
                                    "top": "10",
                                    "right": "10",
                                    "bottom": "10",
                                    "left": "10",
                                    "isLinked": true
                                },
                                "width_tablet": {
                                    "unit": "%",
                                    "size": 70,
                                    "sizes": []
                                }
                            },
                            "elements": [
                                {
                                    "id": "11717c9e",
                                    "settings": {
                                        "menu": "header-menu",
                                        "pointer": "none",
                                        "submenu_icon": {
                                            "value": "fas fa-angle-down",
                                            "library": "fa-solid"
                                        },
                                        "full_width": "stretch",
                                        "toggle_icon_normal": {
                                            "value": " ti-menu",
                                            "library": "skb_cife-themify-icon"
                                        },
                                        "toggle_icon_active": {
                                            "value": " ti-close",
                                            "library": "skb_cife-themify-icon"
                                        },
                                        "__globals__": {
                                            "menu_typography_typography": "globals\/typography?id=520c191",
                                            "color_menu_item": "globals\/colors?id=secondary",
                                            "color_menu_item_hover": "globals\/colors?id=332724a",
                                            "dropdown_typography_typography": "globals\/typography?id=520c191",
                                            "color_dropdown_item": "globals\/colors?id=secondary",
                                            "background_color_dropdown_item": "globals\/colors?id=c94d9ab",
                                            "color_dropdown_item_hover": "globals\/colors?id=044b931",
                                            "background_color_dropdown_item_hover": "globals\/colors?id=text",
                                            "toggle_color": "globals\/colors?id=secondary",
                                            "toggle_color_hover": "globals\/colors?id=d49ac81"
                                        },
                                        "padding_horizontal_menu_item": {
                                            "unit": "px",
                                            "size": 0,
                                            "sizes": []
                                        },
                                        "padding_vertical_menu_item": {
                                            "unit": "px",
                                            "size": 28,
                                            "sizes": []
                                        },
                                        "menu_space_between": {
                                            "unit": "px",
                                            "size": 35,
                                            "sizes": []
                                        },
                                        "dropdown_border_radius": {
                                            "unit": "px",
                                            "top": "10",
                                            "right": "10",
                                            "bottom": "10",
                                            "left": "10",
                                            "isLinked": true
                                        },
                                        "toggle_size_tablet": {
                                            "unit": "px",
                                            "size": 28,
                                            "sizes": []
                                        },
                                        "toggle_size_mobile": {
                                            "unit": "px",
                                            "size": 25,
                                            "sizes": []
                                        },
                                        "menu_id": 4
                                    },
                                    "elements": [],
                                    "isInner": false,
                                    "widgetType": "nav-menu",
                                    "elType": "widget"
                                },
                                {
                                    "id": "79210c4c",
                                    "settings": {
                                        "text": "Get Started",
                                        "hide_mobile": "hidden-mobile"
                                    },
                                    "elements": [],
                                    "isInner": false,
                                    "widgetType": "button",
                                    "elType": "widget"
                                }
                            ],
                            "isInner": true,
                            "elType": "container"
                        }
                    ],
                    "isInner": true,
                    "elType": "container"
                },
                {
                    "id": "5c6be272",
                    "settings": {
                        "width": {
                            "unit": "px",
                            "size": 1,
                            "sizes": []
                        },
                        "width_tablet": {
                            "unit": "px",
                            "size": "",
                            "sizes": []
                        },
                        "width_mobile": {
                            "unit": "px",
                            "size": "",
                            "sizes": []
                        },
                        "align": "center",
                        "text": "Divider",
                        "gap": {
                            "unit": "px",
                            "size": 0,
                            "sizes": []
                        },
                        "_background_background": "gradient",
                        "_background_color_b_stop": {
                            "unit": "%",
                            "size": 80,
                            "sizes": []
                        },
                        "_background_gradient_type": "radial",
                        "__globals__": {
                            "color": "globals\/colors?id=accent",
                            "_background_color": "globals\/colors?id=accent",
                            "_background_color_b": "globals\/colors?id=044b931"
                        }
                    },
                    "elements": [],
                    "isInner": false,
                    "widgetType": "divider",
                    "elType": "widget"
                }
            ],
            "isInner": false,
            "elType": "container"
        }
    ]
}