{
    "version": "0.4",
    "title": "DigiMax &#8211; Error 404",
    "type": "error-404",
    "metadata": {
        "template_type": "single-404",
        "include_in_zip": "1",
        "elementor_pro_required": "1",
        "elementor_library_type": "error-404",
        "elementor_pro_conditions": [
            "include\/singular\/not_found404"
        ],
        "additional_template_information": [
            "This is a \"Error 404\" template for Elementor Pro.",
            "This template will display on: 404 Page."
        ],
        "wp_page_template": "default"
    },
    "content": [
        {
            "id": "70d864df",
            "settings": {
                "flex_direction": "column",
                "padding": {
                    "unit": "em",
                    "top": "7",
                    "right": "0",
                    "bottom": "0",
                    "left": "0",
                    "isLinked": false
                },
                "padding_tablet": {
                    "unit": "em",
                    "top": "6",
                    "right": "0",
                    "bottom": "0",
                    "left": "0",
                    "isLinked": false
                },
                "padding_mobile": {
                    "unit": "em",
                    "top": "5",
                    "right": "0",
                    "bottom": "0",
                    "left": "0",
                    "isLinked": false
                },
                "background_background": "video",
                "background_image": {
                    "url": "http:\/\/theme.creativemox.com\/digimax\/wp-content\/uploads\/sites\/7\/2024\/01\/bg__img2.png",
                    "id": 139,
                    "size": "",
                    "alt": "",
                    "source": "library"
                },
                "background_position": "top center",
                "background_repeat": "no-repeat",
                "background_size": "cover",
                "background_overlay_background": "gradient",
                "__globals__": {
                    "background_overlay_color": "",
                    "background_overlay_color_b": "globals\/colors?id=044b931"
                },
                "boxed_width": {
                    "unit": "px",
                    "size": 500,
                    "sizes": []
                },
                "background_video_link": "https:\/\/www.youtube.com\/watch?v=DcGVSlr5_38",
                "background_video_start": 2,
                "background_video_end": 56,
                "background_play_on_mobile": "yes",
                "boxed_width_tablet": {
                    "unit": "px",
                    "size": 450,
                    "sizes": []
                },
                "background_overlay_color": "#0A01181A",
                "background_overlay_color_b": "#0A0118",
                "background_overlay_color_b_stop": {
                    "unit": "%",
                    "size": 65,
                    "sizes": []
                },
                "background_overlay_gradient_type": "radial",
                "background_overlay_opacity": {
                    "unit": "px",
                    "size": 1,
                    "sizes": []
                }
            },
            "elements": [
                {
                    "id": "4ecc5afe",
                    "settings": {
                        "padding": {
                            "unit": "em",
                            "top": "10",
                            "right": "1",
                            "bottom": "10",
                            "left": "1",
                            "isLinked": false
                        },
                        "padding_tablet": {
                            "unit": "em",
                            "top": "5",
                            "right": "1",
                            "bottom": "5",
                            "left": "1",
                            "isLinked": false
                        },
                        "padding_mobile": {
                            "unit": "em",
                            "top": "3",
                            "right": "1",
                            "bottom": "3",
                            "left": "1",
                            "isLinked": false
                        },
                        "flex_gap_mobile": {
                            "column": "14",
                            "row": "14",
                            "isLinked": true,
                            "unit": "px",
                            "size": 14
                        }
                    },
                    "elements": [
                        {
                            "id": "bba12a1",
                            "settings": {
                                "background_background": "classic",
                                "background_color": "#0A0118CC",
                                "background_color_b": "#0A0118CC",
                                "border_border": "solid",
                                "border_width": {
                                    "unit": "px",
                                    "top": "1",
                                    "right": "1",
                                    "bottom": "1",
                                    "left": "1",
                                    "isLinked": true
                                },
                                "border_radius": {
                                    "unit": "px",
                                    "top": "10",
                                    "right": "10",
                                    "bottom": "10",
                                    "left": "10",
                                    "isLinked": true
                                },
                                "padding": {
                                    "unit": "em",
                                    "top": "4",
                                    "right": "4",
                                    "bottom": "4",
                                    "left": "4",
                                    "isLinked": true
                                },
                                "padding_tablet": {
                                    "unit": "em",
                                    "top": "3",
                                    "right": "3",
                                    "bottom": "3",
                                    "left": "3",
                                    "isLinked": true
                                },
                                "padding_mobile": {
                                    "unit": "em",
                                    "top": "2",
                                    "right": "2",
                                    "bottom": "2",
                                    "left": "2",
                                    "isLinked": true
                                },
                                "__globals__": {
                                    "background_color": "",
                                    "background_color_b": "",
                                    "border_color": "globals\/colors?id=accent"
                                },
                                "background_gradient_position": "top center",
                                "border_color": "#FFFFFF2B"
                            },
                            "elements": [
                                {
                                    "id": "246e1620",
                                    "settings": {
                                        "title": "404",
                                        "header_size": "h1",
                                        "align": "center",
                                        "_animation": "fadeInDown",
                                        "_animation_delay": 200,
                                        "__dynamic__": [],
                                        "typography_typography": "custom",
                                        "typography_font_family": "Manrope",
                                        "typography_font_size": {
                                            "unit": "px",
                                            "size": 99,
                                            "sizes": []
                                        },
                                        "typography_font_size_tablet": {
                                            "unit": "px",
                                            "size": 69,
                                            "sizes": []
                                        },
                                        "typography_font_size_mobile": {
                                            "unit": "px",
                                            "size": 49,
                                            "sizes": []
                                        },
                                        "typography_font_weight": "700",
                                        "typography_line_height": {
                                            "unit": "em",
                                            "size": 1,
                                            "sizes": []
                                        },
                                        "typography_letter_spacing": {
                                            "unit": "px",
                                            "size": -1,
                                            "sizes": []
                                        },
                                        "__globals__": {
                                            "typography_typography": ""
                                        }
                                    },
                                    "elements": [],
                                    "isInner": false,
                                    "widgetType": "heading",
                                    "elType": "widget"
                                },
                                {
                                    "id": "711a28ec",
                                    "settings": {
                                        "title": "Page not found",
                                        "header_size": "h3",
                                        "align": "center",
                                        "_animation": "fadeInDown",
                                        "_animation_delay": 300
                                    },
                                    "elements": [],
                                    "isInner": false,
                                    "widgetType": "heading",
                                    "elType": "widget"
                                },
                                {
                                    "id": "4cfdb860",
                                    "settings": {
                                        "title": "The page you are looking for no longer exists. Perhaps you can return back to the site\u2019s homepage.",
                                        "header_size": "div",
                                        "align": "center",
                                        "__globals__": {
                                            "typography_typography": "globals\/typography?id=b2ce6af"
                                        },
                                        "_animation": "fadeInUp",
                                        "_animation_delay": 300
                                    },
                                    "elements": [],
                                    "isInner": false,
                                    "widgetType": "heading",
                                    "elType": "widget"
                                },
                                {
                                    "id": "5dbcabc1",
                                    "settings": {
                                        "text": "Back Home",
                                        "align": "center",
                                        "size": "md",
                                        "__dynamic__": {
                                            "link": "[elementor-tag id=\"492173d\" name=\"site-url\" settings=\"%7B%7D\"]"
                                        },
                                        "_animation": "fadeInUp",
                                        "_animation_delay": 350
                                    },
                                    "elements": [],
                                    "isInner": false,
                                    "widgetType": "button",
                                    "elType": "widget"
                                }
                            ],
                            "isInner": true,
                            "elType": "container"
                        }
                    ],
                    "isInner": true,
                    "elType": "container"
                }
            ],
            "isInner": false,
            "elType": "container"
        }
    ]
}