{
    "version": "0.4",
    "title": "DigiMax &#8211; Footer",
    "type": "footer",
    "metadata": {
        "template_type": "section-footer",
        "include_in_zip": "1",
        "elementor_pro_required": "1",
        "elementor_library_type": "footer",
        "elementor_pro_conditions": [
            "include\/general"
        ],
        "additional_template_information": [
            "This is a \"Footer\" template for Elementor Pro.",
            "This template will display on: Entire Site."
        ],
        "wp_page_template": "default"
    },
    "content": [
        {
            "id": "30f4773d",
            "settings": {
                "flex_direction": "column",
                "flex_gap": {
                    "column": "0",
                    "row": "0",
                    "isLinked": false,
                    "unit": "px",
                    "size": 0
                },
                "padding": {
                    "unit": "px",
                    "top": "0",
                    "right": "0",
                    "bottom": "0",
                    "left": "0",
                    "isLinked": false
                }
            },
            "elements": [
                {
                    "id": "3ec5118d",
                    "settings": {
                        "width": {
                            "unit": "px",
                            "size": 1,
                            "sizes": []
                        },
                        "width_tablet": {
                            "unit": "px",
                            "size": "",
                            "sizes": []
                        },
                        "width_mobile": {
                            "unit": "px",
                            "size": "",
                            "sizes": []
                        },
                        "align": "center",
                        "text": "Divider",
                        "gap": {
                            "unit": "px",
                            "size": 0,
                            "sizes": []
                        },
                        "_background_background": "gradient",
                        "_background_color_b_stop": {
                            "unit": "%",
                            "size": 80,
                            "sizes": []
                        },
                        "_background_gradient_type": "radial",
                        "__globals__": {
                            "color": "globals\/colors?id=accent",
                            "_background_color": "globals\/colors?id=accent",
                            "_background_color_b": "globals\/colors?id=044b931"
                        }
                    },
                    "elements": [],
                    "isInner": false,
                    "widgetType": "divider",
                    "elType": "widget"
                },
                {
                    "id": "67f27512",
                    "settings": {
                        "flex_direction": "row",
                        "flex_justify_content": "space-between",
                        "flex_gap": {
                            "column": "0",
                            "row": "0",
                            "isLinked": false,
                            "unit": "px",
                            "size": 0
                        },
                        "flex_wrap": "wrap",
                        "padding": {
                            "unit": "em",
                            "top": "2",
                            "right": "0",
                            "bottom": "2",
                            "left": "0",
                            "isLinked": false
                        },
                        "padding_tablet": {
                            "unit": "em",
                            "top": "",
                            "right": "",
                            "bottom": "",
                            "left": "",
                            "isLinked": true
                        },
                        "padding_mobile": {
                            "unit": "em",
                            "top": "",
                            "right": "",
                            "bottom": "",
                            "left": "",
                            "isLinked": true
                        }
                    },
                    "elements": [
                        {
                            "id": "12e9eb3d",
                            "settings": {
                                "content_width": "full",
                                "width": {
                                    "unit": "%",
                                    "size": 40,
                                    "sizes": []
                                },
                                "padding": {
                                    "unit": "em",
                                    "top": "1",
                                    "right": "7",
                                    "bottom": "1",
                                    "left": "1",
                                    "isLinked": false
                                },
                                "padding_tablet": {
                                    "unit": "em",
                                    "top": "1",
                                    "right": "10",
                                    "bottom": "1",
                                    "left": "10",
                                    "isLinked": false
                                },
                                "padding_mobile": {
                                    "unit": "em",
                                    "top": "1",
                                    "right": "1",
                                    "bottom": "1",
                                    "left": "1",
                                    "isLinked": true
                                },
                                "width_tablet": {
                                    "unit": "%",
                                    "size": 100,
                                    "sizes": []
                                },
                                "width_mobile": {
                                    "unit": "%",
                                    "size": "",
                                    "sizes": []
                                },
                                "flex_justify_content_tablet": "center",
                                "flex_align_items_tablet": "center"
                            },
                            "elements": [
                                {
                                    "id": "e607289",
                                    "settings": {
                                        "image": {
                                            "url": "http:\/\/theme.creativemox.com\/digimax\/wp-content\/uploads\/sites\/7\/2024\/01\/logo_digimax.png",
                                            "id": 51,
                                            "size": "",
                                            "alt": "",
                                            "source": "library"
                                        },
                                        "image_size": "custom",
                                        "image_custom_dimension": {
                                            "width": "",
                                            "height": "70"
                                        },
                                        "align": "left",
                                        "height": {
                                            "unit": "px",
                                            "size": 70,
                                            "sizes": []
                                        }
                                    },
                                    "elements": [],
                                    "isInner": false,
                                    "widgetType": "image",
                                    "elType": "widget"
                                },
                                {
                                    "id": "a8f33ba",
                                    "settings": {
                                        "title": "Transforming Ideas into Digital Excellence. Elevate your online presence with our innovative solutions and strategic digital services.",
                                        "header_size": "div",
                                        "__globals__": {
                                            "typography_typography": "globals\/typography?id=b2ce6af"
                                        },
                                        "align_tablet": "center"
                                    },
                                    "elements": [],
                                    "isInner": false,
                                    "widgetType": "heading",
                                    "elType": "widget"
                                },
                                {
                                    "id": "160f674e",
                                    "settings": {
                                        "social_icon_list": [
                                            {
                                                "social_icon": {
                                                    "value": "fab fa-facebook-f",
                                                    "library": "fa-brands"
                                                },
                                                "_id": "c8c89fb"
                                            },
                                            {
                                                "social_icon": {
                                                    "value": "fab fa-dribbble",
                                                    "library": "fa-brands"
                                                },
                                                "_id": "4a94a4a"
                                            },
                                            {
                                                "social_icon": {
                                                    "value": "fab fa-instagram",
                                                    "library": "fa-brands"
                                                },
                                                "_id": "49d4c56"
                                            },
                                            {
                                                "social_icon": {
                                                    "value": "fab fa-linkedin-in",
                                                    "library": "fa-brands"
                                                },
                                                "_id": "c9fa604"
                                            },
                                            {
                                                "social_icon": {
                                                    "value": "fab fa-youtube",
                                                    "library": "fa-brands"
                                                },
                                                "_id": "da158bb"
                                            }
                                        ],
                                        "shape": "circle",
                                        "align": "",
                                        "icon_color": "custom",
                                        "icon_size": {
                                            "unit": "px",
                                            "size": 18,
                                            "sizes": []
                                        },
                                        "hover_animation": "pop",
                                        "__globals__": {
                                            "icon_primary_color": "globals\/colors?id=text",
                                            "icon_secondary_color": "globals\/colors?id=044b931",
                                            "hover_primary_color": "globals\/colors?id=c94d9ab",
                                            "hover_secondary_color": "globals\/colors?id=text"
                                        },
                                        "icon_size_mobile": {
                                            "unit": "px",
                                            "size": 16,
                                            "sizes": []
                                        }
                                    },
                                    "elements": [],
                                    "isInner": false,
                                    "widgetType": "social-icons",
                                    "elType": "widget"
                                }
                            ],
                            "isInner": true,
                            "elType": "container"
                        },
                        {
                            "id": "75751de2",
                            "settings": {
                                "content_width": "full",
                                "width": {
                                    "unit": "%",
                                    "size": 20,
                                    "sizes": []
                                },
                                "padding": {
                                    "unit": "em",
                                    "top": "1",
                                    "right": "1",
                                    "bottom": "1",
                                    "left": "1",
                                    "isLinked": true
                                },
                                "padding_tablet": {
                                    "unit": "em",
                                    "top": "",
                                    "right": "",
                                    "bottom": "",
                                    "left": "",
                                    "isLinked": true
                                },
                                "padding_mobile": {
                                    "unit": "em",
                                    "top": "",
                                    "right": "",
                                    "bottom": "",
                                    "left": "",
                                    "isLinked": true
                                },
                                "width_tablet": {
                                    "unit": "%",
                                    "size": 40,
                                    "sizes": []
                                },
                                "width_mobile": {
                                    "unit": "%",
                                    "size": "",
                                    "sizes": []
                                }
                            },
                            "elements": [
                                {
                                    "id": "497d04c0",
                                    "settings": {
                                        "title": "Services",
                                        "header_size": "h5"
                                    },
                                    "elements": [],
                                    "isInner": false,
                                    "widgetType": "heading",
                                    "elType": "widget"
                                },
                                {
                                    "id": "2242026",
                                    "settings": {
                                        "icon_list": [
                                            {
                                                "text": "Website Development",
                                                "selected_icon": {
                                                    "value": "",
                                                    "library": ""
                                                },
                                                "_id": "45a3399",
                                                "link": {
                                                    "url": "#",
                                                    "is_external": "",
                                                    "nofollow": "",
                                                    "custom_attributes": ""
                                                }
                                            },
                                            {
                                                "text": "App Development",
                                                "selected_icon": {
                                                    "value": "",
                                                    "library": ""
                                                },
                                                "link": {
                                                    "url": "#",
                                                    "is_external": "",
                                                    "nofollow": "",
                                                    "custom_attributes": ""
                                                },
                                                "_id": "bbbba42"
                                            },
                                            {
                                                "text": "Digital Marketing",
                                                "selected_icon": {
                                                    "value": "",
                                                    "library": ""
                                                },
                                                "link": {
                                                    "url": "#",
                                                    "is_external": "",
                                                    "nofollow": "",
                                                    "custom_attributes": ""
                                                },
                                                "_id": "82eea19"
                                            },
                                            {
                                                "text": "Graphic Design",
                                                "selected_icon": {
                                                    "value": "",
                                                    "library": ""
                                                },
                                                "link": {
                                                    "url": "#",
                                                    "is_external": "",
                                                    "nofollow": "",
                                                    "custom_attributes": ""
                                                },
                                                "_id": "173a965"
                                            },
                                            {
                                                "text": "Brand Identity",
                                                "selected_icon": {
                                                    "value": "",
                                                    "library": ""
                                                },
                                                "link": {
                                                    "url": "#",
                                                    "is_external": "",
                                                    "nofollow": "",
                                                    "custom_attributes": ""
                                                },
                                                "_id": "2926537"
                                            },
                                            {
                                                "text": "Search Engine Optimization",
                                                "selected_icon": {
                                                    "value": "",
                                                    "library": ""
                                                },
                                                "link": {
                                                    "url": "#",
                                                    "is_external": "",
                                                    "nofollow": "",
                                                    "custom_attributes": ""
                                                },
                                                "_id": "a38e393"
                                            }
                                        ],
                                        "space_between": {
                                            "unit": "px",
                                            "size": 7,
                                            "sizes": []
                                        },
                                        "__globals__": {
                                            "divider_color": "globals\/colors?id=4d462f5",
                                            "icon_typography_typography": "globals\/typography?id=69c152f"
                                        }
                                    },
                                    "elements": [],
                                    "isInner": false,
                                    "widgetType": "icon-list",
                                    "elType": "widget"
                                }
                            ],
                            "isInner": true,
                            "elType": "container"
                        },
                        {
                            "id": "20717f22",
                            "settings": {
                                "content_width": "full",
                                "width": {
                                    "unit": "%",
                                    "size": 20,
                                    "sizes": []
                                },
                                "padding": {
                                    "unit": "em",
                                    "top": "1",
                                    "right": "1",
                                    "bottom": "1",
                                    "left": "1",
                                    "isLinked": true
                                },
                                "padding_tablet": {
                                    "unit": "em",
                                    "top": "",
                                    "right": "",
                                    "bottom": "",
                                    "left": "",
                                    "isLinked": true
                                },
                                "padding_mobile": {
                                    "unit": "em",
                                    "top": "",
                                    "right": "",
                                    "bottom": "",
                                    "left": "",
                                    "isLinked": true
                                },
                                "width_tablet": {
                                    "unit": "%",
                                    "size": 30,
                                    "sizes": []
                                },
                                "width_mobile": {
                                    "unit": "%",
                                    "size": 50,
                                    "sizes": []
                                }
                            },
                            "elements": [
                                {
                                    "id": "77a23331",
                                    "settings": {
                                        "title": "Support",
                                        "header_size": "h5"
                                    },
                                    "elements": [],
                                    "isInner": false,
                                    "widgetType": "heading",
                                    "elType": "widget"
                                },
                                {
                                    "id": "7161e6f9",
                                    "settings": {
                                        "icon_list": [
                                            {
                                                "text": "Help Center",
                                                "selected_icon": {
                                                    "value": "",
                                                    "library": ""
                                                },
                                                "link": {
                                                    "url": "#",
                                                    "is_external": "",
                                                    "nofollow": "",
                                                    "custom_attributes": ""
                                                },
                                                "_id": "82eea19"
                                            },
                                            {
                                                "text": "FAQ",
                                                "selected_icon": {
                                                    "value": "",
                                                    "library": ""
                                                },
                                                "link": {
                                                    "url": "#",
                                                    "is_external": "",
                                                    "nofollow": "",
                                                    "custom_attributes": ""
                                                },
                                                "_id": "afaf267"
                                            },
                                            {
                                                "text": "Ticket Support",
                                                "selected_icon": {
                                                    "value": "",
                                                    "library": ""
                                                },
                                                "link": {
                                                    "url": "#",
                                                    "is_external": "",
                                                    "nofollow": "",
                                                    "custom_attributes": ""
                                                },
                                                "_id": "fe5809f"
                                            },
                                            {
                                                "text": "Sales Support",
                                                "selected_icon": {
                                                    "value": "",
                                                    "library": ""
                                                },
                                                "link": {
                                                    "url": "#",
                                                    "is_external": "",
                                                    "nofollow": "",
                                                    "custom_attributes": ""
                                                },
                                                "_id": "157d808"
                                            },
                                            {
                                                "text": "Contact us",
                                                "selected_icon": {
                                                    "value": "",
                                                    "library": ""
                                                },
                                                "link": {
                                                    "url": "#",
                                                    "is_external": "",
                                                    "nofollow": "",
                                                    "custom_attributes": ""
                                                },
                                                "_id": "0900b5c"
                                            }
                                        ],
                                        "space_between": {
                                            "unit": "px",
                                            "size": 7,
                                            "sizes": []
                                        },
                                        "__globals__": {
                                            "divider_color": "globals\/colors?id=4d462f5",
                                            "icon_typography_typography": "globals\/typography?id=69c152f"
                                        }
                                    },
                                    "elements": [],
                                    "isInner": false,
                                    "widgetType": "icon-list",
                                    "elType": "widget"
                                }
                            ],
                            "isInner": true,
                            "elType": "container"
                        },
                        {
                            "id": "575b5b75",
                            "settings": {
                                "content_width": "full",
                                "width": {
                                    "unit": "%",
                                    "size": 20,
                                    "sizes": []
                                },
                                "padding": {
                                    "unit": "em",
                                    "top": "1",
                                    "right": "1",
                                    "bottom": "1",
                                    "left": "1",
                                    "isLinked": true
                                },
                                "padding_tablet": {
                                    "unit": "em",
                                    "top": "",
                                    "right": "",
                                    "bottom": "",
                                    "left": "",
                                    "isLinked": true
                                },
                                "padding_mobile": {
                                    "unit": "em",
                                    "top": "",
                                    "right": "",
                                    "bottom": "",
                                    "left": "",
                                    "isLinked": true
                                },
                                "width_tablet": {
                                    "unit": "%",
                                    "size": 30,
                                    "sizes": []
                                },
                                "width_mobile": {
                                    "unit": "%",
                                    "size": 50,
                                    "sizes": []
                                }
                            },
                            "elements": [
                                {
                                    "id": "78310da7",
                                    "settings": {
                                        "title": "Company",
                                        "header_size": "h5"
                                    },
                                    "elements": [],
                                    "isInner": false,
                                    "widgetType": "heading",
                                    "elType": "widget"
                                },
                                {
                                    "id": "4fc3f868",
                                    "settings": {
                                        "icon_list": [
                                            {
                                                "text": "About us",
                                                "selected_icon": {
                                                    "value": "",
                                                    "library": ""
                                                },
                                                "_id": "45a3399",
                                                "link": {
                                                    "url": "#",
                                                    "is_external": "",
                                                    "nofollow": "",
                                                    "custom_attributes": ""
                                                }
                                            },
                                            {
                                                "text": "Our Team",
                                                "selected_icon": {
                                                    "value": "",
                                                    "library": ""
                                                },
                                                "link": {
                                                    "url": "#",
                                                    "is_external": "",
                                                    "nofollow": "",
                                                    "custom_attributes": ""
                                                },
                                                "_id": "af50f00"
                                            },
                                            {
                                                "text": "Careers",
                                                "selected_icon": {
                                                    "value": "",
                                                    "library": ""
                                                },
                                                "link": {
                                                    "url": "#",
                                                    "is_external": "",
                                                    "nofollow": "",
                                                    "custom_attributes": ""
                                                },
                                                "_id": "fd3dfe5"
                                            },
                                            {
                                                "text": "Article & News",
                                                "selected_icon": {
                                                    "value": "",
                                                    "library": ""
                                                },
                                                "link": {
                                                    "url": "#",
                                                    "is_external": "",
                                                    "nofollow": "",
                                                    "custom_attributes": ""
                                                },
                                                "_id": "273638e"
                                            },
                                            {
                                                "text": "Legal Notices",
                                                "selected_icon": {
                                                    "value": "",
                                                    "library": ""
                                                },
                                                "link": {
                                                    "url": "#",
                                                    "is_external": "",
                                                    "nofollow": "",
                                                    "custom_attributes": ""
                                                },
                                                "_id": "9bc73a8"
                                            }
                                        ],
                                        "space_between": {
                                            "unit": "px",
                                            "size": 7,
                                            "sizes": []
                                        },
                                        "__globals__": {
                                            "divider_color": "globals\/colors?id=4d462f5",
                                            "icon_typography_typography": "globals\/typography?id=69c152f"
                                        }
                                    },
                                    "elements": [],
                                    "isInner": false,
                                    "widgetType": "icon-list",
                                    "elType": "widget"
                                }
                            ],
                            "isInner": true,
                            "elType": "container"
                        }
                    ],
                    "isInner": true,
                    "elType": "container"
                },
                {
                    "id": "37fd2cf9",
                    "settings": {
                        "width": {
                            "unit": "px",
                            "size": 1,
                            "sizes": []
                        },
                        "width_tablet": {
                            "unit": "px",
                            "size": "",
                            "sizes": []
                        },
                        "width_mobile": {
                            "unit": "px",
                            "size": "",
                            "sizes": []
                        },
                        "align": "center",
                        "text": "Divider",
                        "gap": {
                            "unit": "px",
                            "size": 0,
                            "sizes": []
                        },
                        "_background_background": "gradient",
                        "_background_color_b_stop": {
                            "unit": "%",
                            "size": 80,
                            "sizes": []
                        },
                        "_background_gradient_type": "radial",
                        "__globals__": {
                            "color": "globals\/colors?id=accent",
                            "_background_color": "globals\/colors?id=accent",
                            "_background_color_b": "globals\/colors?id=044b931"
                        }
                    },
                    "elements": [],
                    "isInner": false,
                    "widgetType": "divider",
                    "elType": "widget"
                },
                {
                    "id": "3d9777ec",
                    "settings": {
                        "flex_direction": "row",
                        "flex_justify_content": "space-between",
                        "flex_align_items": "center",
                        "flex_wrap": "wrap",
                        "padding": {
                            "unit": "em",
                            "top": "2",
                            "right": "1",
                            "bottom": "2",
                            "left": "1",
                            "isLinked": false
                        },
                        "padding_tablet": {
                            "unit": "em",
                            "top": "",
                            "right": "",
                            "bottom": "",
                            "left": "",
                            "isLinked": true
                        },
                        "padding_mobile": {
                            "unit": "em",
                            "top": "1",
                            "right": "1",
                            "bottom": "1",
                            "left": "1",
                            "isLinked": true
                        },
                        "flex_justify_content_mobile": "center",
                        "flex_gap_mobile": {
                            "column": "14",
                            "row": "14",
                            "isLinked": true,
                            "unit": "px",
                            "size": 14
                        }
                    },
                    "elements": [
                        {
                            "id": "17dd144b",
                            "settings": {
                                "title": "Copyright\u00a9 2023 DigiMax, All rights reserved. Powered by MoxCreative.\n",
                                "header_size": "div",
                                "__globals__": {
                                    "typography_typography": "globals\/typography?id=112b6c4"
                                },
                                "align_mobile": "center"
                            },
                            "elements": [],
                            "isInner": false,
                            "widgetType": "heading",
                            "elType": "widget"
                        },
                        {
                            "id": "71ef39ed",
                            "settings": {
                                "view": "inline",
                                "icon_list": [
                                    {
                                        "text": "Term of use",
                                        "selected_icon": {
                                            "value": "",
                                            "library": ""
                                        },
                                        "_id": "45a3399",
                                        "link": {
                                            "url": "#",
                                            "is_external": "",
                                            "nofollow": "",
                                            "custom_attributes": ""
                                        }
                                    },
                                    {
                                        "text": "Privacy Policy",
                                        "selected_icon": {
                                            "value": "",
                                            "library": ""
                                        },
                                        "link": {
                                            "url": "#",
                                            "is_external": "",
                                            "nofollow": "",
                                            "custom_attributes": ""
                                        },
                                        "_id": "22af855"
                                    },
                                    {
                                        "text": "Cookie Policy",
                                        "selected_icon": {
                                            "value": "",
                                            "library": ""
                                        },
                                        "link": {
                                            "url": "#",
                                            "is_external": "",
                                            "nofollow": "",
                                            "custom_attributes": ""
                                        },
                                        "_id": "7b84794"
                                    }
                                ],
                                "__globals__": {
                                    "divider_color": "globals\/colors?id=4d462f5",
                                    "icon_typography_typography": "globals\/typography?id=112b6c4"
                                }
                            },
                            "elements": [],
                            "isInner": false,
                            "widgetType": "icon-list",
                            "elType": "widget"
                        }
                    ],
                    "isInner": true,
                    "elType": "container"
                }
            ],
            "isInner": false,
            "elType": "container"
        }
    ]
}