{
    "version": "0.4",
    "title": "DigiMax &#8211; Single Post",
    "type": "single-post",
    "metadata": {
        "template_type": "single-post",
        "include_in_zip": "1",
        "elementor_pro_required": "1",
        "elementor_library_type": "single-post",
        "elementor_pro_conditions": [
            "include\/singular\/post"
        ],
        "additional_template_information": [
            "This is a \"Single Post\" template for Elementor Pro.",
            "This template will display on: Posts."
        ],
        "wp_page_template": "default"
    },
    "content": [
        {
            "id": "6643154e",
            "settings": {
                "flex_direction": "column",
                "padding": {
                    "unit": "em",
                    "top": "7",
                    "right": "0",
                    "bottom": "0",
                    "left": "0",
                    "isLinked": false
                },
                "padding_tablet": {
                    "unit": "em",
                    "top": "6",
                    "right": "0",
                    "bottom": "0",
                    "left": "0",
                    "isLinked": false
                },
                "padding_mobile": {
                    "unit": "em",
                    "top": "5",
                    "right": "0",
                    "bottom": "0",
                    "left": "0",
                    "isLinked": false
                },
                "background_background": "classic",
                "background_image": {
                    "url": "http:\/\/theme.creativemox.com\/digimax\/wp-content\/uploads\/sites\/7\/2024\/01\/bg__img2.png",
                    "id": 139,
                    "size": "",
                    "alt": "",
                    "source": "library"
                },
                "background_position": "top center",
                "background_repeat": "no-repeat",
                "background_size": "cover",
                "background_overlay_background": "classic",
                "background_overlay_opacity": {
                    "unit": "px",
                    "size": 0.59999999999999997779553950749686919152736663818359375,
                    "sizes": []
                },
                "__globals__": {
                    "background_overlay_color": "globals\/colors?id=044b931"
                }
            },
            "elements": [
                {
                    "id": "29b6940c",
                    "settings": {
                        "padding": {
                            "unit": "em",
                            "top": "7",
                            "right": "2",
                            "bottom": "3",
                            "left": "2",
                            "isLinked": false
                        },
                        "padding_tablet": {
                            "unit": "em",
                            "top": "5",
                            "right": "2",
                            "bottom": "2",
                            "left": "2",
                            "isLinked": false
                        },
                        "padding_mobile": {
                            "unit": "em",
                            "top": "3",
                            "right": "1",
                            "bottom": "3",
                            "left": "1",
                            "isLinked": false
                        },
                        "flex_gap_mobile": {
                            "column": "14",
                            "row": "14",
                            "isLinked": true,
                            "unit": "px",
                            "size": 14
                        }
                    },
                    "elements": [
                        {
                            "id": "13a79a1",
                            "settings": {
                                "title": "Add Your Heading Text Here",
                                "header_size": "h6",
                                "align": "center",
                                "__dynamic__": {
                                    "title": "[elementor-tag id=\"cfdb521\" name=\"post-terms\" settings=\"%7B%22taxonomy%22%3A%22category%22%2C%22separator%22%3A%22%2C%20%22%7D\"]"
                                },
                                "_animation": "fadeInUp",
                                "_animation_delay": 300
                            },
                            "elements": [],
                            "isInner": false,
                            "widgetType": "heading",
                            "elType": "widget"
                        },
                        {
                            "id": "3d33f099",
                            "settings": {
                                "title": "Heading",
                                "header_size": "h1",
                                "align": "center",
                                "_animation": "fadeInDown",
                                "_animation_delay": 200,
                                "__dynamic__": {
                                    "title": "[elementor-tag id=\"7d34d24\" name=\"post-title\" settings=\"%7B%7D\"]"
                                }
                            },
                            "elements": [],
                            "isInner": false,
                            "widgetType": "heading",
                            "elType": "widget"
                        },
                        {
                            "id": "77b8ee60",
                            "settings": {
                                "icon_list": [
                                    {
                                        "selected_icon": {
                                            "value": "mdi mdi-calendar-month",
                                            "library": "skb_cife-materialdesign-icon"
                                        },
                                        "_id": "212b851",
                                        "date_format": "0",
                                        "custom_date_format": "F j, Y",
                                        "custom_time_format": "g:i a",
                                        "show_icon": "custom"
                                    },
                                    {
                                        "type": "comments",
                                        "selected_icon": {
                                            "value": "mdi mdi-message-text-outline",
                                            "library": "skb_cife-materialdesign-icon"
                                        },
                                        "_id": "da5c05c",
                                        "custom_date_format": "F j, Y",
                                        "custom_time_format": "g:i a",
                                        "comments_custom_strings": "",
                                        "show_icon": "custom"
                                    }
                                ],
                                "icon_align": "center",
                                "icon_size": {
                                    "unit": "px",
                                    "size": 21,
                                    "sizes": []
                                },
                                "__globals__": {
                                    "icon_color": "globals\/colors?id=3ee16e7",
                                    "icon_typography_typography": "globals\/typography?id=69c152f"
                                }
                            },
                            "elements": [],
                            "isInner": false,
                            "widgetType": "post-info",
                            "elType": "widget"
                        }
                    ],
                    "isInner": true,
                    "elType": "container"
                }
            ],
            "isInner": false,
            "elType": "container"
        },
        {
            "id": "5c5f8df9",
            "settings": {
                "flex_direction": "row",
                "flex_justify_content": "space-between",
                "flex_gap": {
                    "column": "0",
                    "row": "0",
                    "isLinked": false,
                    "unit": "px",
                    "size": 0
                },
                "flex_wrap": "wrap",
                "padding": {
                    "unit": "em",
                    "top": "0",
                    "right": "0",
                    "bottom": "7",
                    "left": "0",
                    "isLinked": false
                },
                "padding_tablet": {
                    "unit": "em",
                    "top": "0",
                    "right": "0",
                    "bottom": "3",
                    "left": "0",
                    "isLinked": false
                },
                "padding_mobile": {
                    "unit": "em",
                    "top": "0",
                    "right": "0",
                    "bottom": "1",
                    "left": "0",
                    "isLinked": false
                }
            },
            "elements": [
                {
                    "id": "5a58d688",
                    "settings": {
                        "content_width": "full",
                        "width": {
                            "unit": "%",
                            "size": 70,
                            "sizes": []
                        },
                        "padding": {
                            "unit": "em",
                            "top": "1",
                            "right": "3",
                            "bottom": "1",
                            "left": "1",
                            "isLinked": false
                        },
                        "padding_tablet": {
                            "unit": "em",
                            "top": "1",
                            "right": "1",
                            "bottom": "1",
                            "left": "1",
                            "isLinked": true
                        },
                        "padding_mobile": {
                            "unit": "em",
                            "top": "",
                            "right": "",
                            "bottom": "",
                            "left": "",
                            "isLinked": true
                        },
                        "width_tablet": {
                            "unit": "%",
                            "size": 100,
                            "sizes": []
                        },
                        "width_mobile": {
                            "unit": "%",
                            "size": "",
                            "sizes": []
                        }
                    },
                    "elements": [
                        {
                            "id": "275dff02",
                            "settings": {
                                "__dynamic__": {
                                    "image": "[elementor-tag id=\"\" name=\"post-featured-image\" settings=\"%7B%22fallback%22%3A%7B%22url%22%3A%22%22%2C%22id%22%3A%22%22%2C%22size%22%3A%22%22%7D%7D\"]"
                                },
                                "image_size": "full",
                                "width": {
                                    "unit": "%",
                                    "size": 100,
                                    "sizes": []
                                },
                                "height": {
                                    "unit": "px",
                                    "size": 500,
                                    "sizes": []
                                },
                                "object-fit": "cover",
                                "image_border_radius": {
                                    "unit": "px",
                                    "top": "10",
                                    "right": "10",
                                    "bottom": "10",
                                    "left": "10",
                                    "isLinked": true
                                },
                                "height_mobile": {
                                    "unit": "px",
                                    "size": 200,
                                    "sizes": []
                                }
                            },
                            "elements": [],
                            "isInner": false,
                            "widgetType": "theme-post-featured-image",
                            "elType": "widget"
                        },
                        {
                            "id": "2e26b43a",
                            "settings": [],
                            "elements": [],
                            "isInner": false,
                            "widgetType": "theme-post-content",
                            "elType": "widget"
                        },
                        {
                            "id": "3dd50000",
                            "settings": {
                                "flex_direction": "row",
                                "flex_justify_content": "space-between",
                                "flex_align_items": "center",
                                "flex_wrap": "wrap",
                                "border_border": "solid",
                                "border_width": {
                                    "unit": "px",
                                    "top": "1",
                                    "right": "0",
                                    "bottom": "0",
                                    "left": "0",
                                    "isLinked": false
                                },
                                "padding": {
                                    "unit": "px",
                                    "top": "21",
                                    "right": "0",
                                    "bottom": "0",
                                    "left": "0",
                                    "isLinked": false
                                },
                                "__globals__": {
                                    "border_color": "globals\/colors?id=4d462f5"
                                }
                            },
                            "elements": [
                                {
                                    "id": "1b6a4f1",
                                    "settings": {
                                        "title": "Share this post :",
                                        "header_size": "h5"
                                    },
                                    "elements": [],
                                    "isInner": false,
                                    "widgetType": "heading",
                                    "elType": "widget"
                                },
                                {
                                    "id": "2b4e4c2",
                                    "settings": {
                                        "share_buttons": [
                                            {
                                                "_id": "32be4af"
                                            },
                                            {
                                                "button": "twitter",
                                                "_id": "062c85f"
                                            },
                                            {
                                                "button": "linkedin",
                                                "_id": "963a885"
                                            },
                                            {
                                                "button": "print",
                                                "_id": "bca8c04"
                                            }
                                        ],
                                        "view": "icon",
                                        "skin": "flat",
                                        "shape": "circle",
                                        "column_gap": {
                                            "unit": "px",
                                            "size": 5,
                                            "sizes": []
                                        },
                                        "row_gap": {
                                            "unit": "px",
                                            "size": 5,
                                            "sizes": []
                                        },
                                        "button_size": {
                                            "unit": "px",
                                            "size": 0.8000000000000000444089209850062616169452667236328125,
                                            "sizes": []
                                        },
                                        "icon_size": {
                                            "unit": "px",
                                            "size": 16,
                                            "sizes": []
                                        },
                                        "icon_size_tablet": {
                                            "unit": "px",
                                            "size": "",
                                            "sizes": []
                                        },
                                        "icon_size_mobile": {
                                            "unit": "px",
                                            "size": "",
                                            "sizes": []
                                        },
                                        "color_source": "custom",
                                        "__globals__": {
                                            "primary_color": "globals\/colors?id=text",
                                            "secondary_color": "globals\/colors?id=4d462f5",
                                            "primary_color_hover": "globals\/colors?id=c94d9ab",
                                            "secondary_color_hover": "globals\/colors?id=text"
                                        }
                                    },
                                    "elements": [],
                                    "isInner": false,
                                    "widgetType": "share-buttons",
                                    "elType": "widget"
                                }
                            ],
                            "isInner": true,
                            "elType": "container"
                        },
                        {
                            "id": "43cab487",
                            "settings": {
                                "author_name": "John Doe",
                                "author_name_tag": "div",
                                "author_bio": "Lorem ipsum dolor sit amet consectetur adipiscing elit dolor",
                                "link_text": "All Posts",
                                "image_size": {
                                    "unit": "px",
                                    "size": 70,
                                    "sizes": []
                                },
                                "image_gap": {
                                    "unit": "px",
                                    "size": 21,
                                    "sizes": []
                                },
                                "image_border": "yes",
                                "image_border_width": {
                                    "unit": "px",
                                    "size": 4,
                                    "sizes": []
                                },
                                "_padding": {
                                    "unit": "px",
                                    "top": "21",
                                    "right": "21",
                                    "bottom": "21",
                                    "left": "21",
                                    "isLinked": true
                                },
                                "_background_background": "gradient",
                                "_background_gradient_angle": {
                                    "unit": "deg",
                                    "size": 135,
                                    "sizes": []
                                },
                                "_border_border": "solid",
                                "_border_width": {
                                    "unit": "px",
                                    "top": "1",
                                    "right": "1",
                                    "bottom": "1",
                                    "left": "1",
                                    "isLinked": true
                                },
                                "_border_radius": {
                                    "unit": "px",
                                    "top": "10",
                                    "right": "10",
                                    "bottom": "10",
                                    "left": "10",
                                    "isLinked": true
                                },
                                "__globals__": {
                                    "name_typography_typography": "globals\/typography?id=520c191",
                                    "name_color": "globals\/colors?id=secondary",
                                    "bio_typography_typography": "globals\/typography?id=69c152f",
                                    "image_border_color": "globals\/colors?id=accent",
                                    "_background_color": "globals\/colors?id=cfa1f76",
                                    "_background_color_b": "globals\/colors?id=c94d9ab",
                                    "_border_color": "globals\/colors?id=4d462f5"
                                },
                                "image_size_mobile": {
                                    "unit": "px",
                                    "size": 56,
                                    "sizes": []
                                },
                                "image_gap_mobile": {
                                    "unit": "px",
                                    "size": 14,
                                    "sizes": []
                                },
                                "_padding_mobile": {
                                    "unit": "px",
                                    "top": "14",
                                    "right": "14",
                                    "bottom": "14",
                                    "left": "14",
                                    "isLinked": true
                                }
                            },
                            "elements": [],
                            "isInner": false,
                            "widgetType": "author-box",
                            "elType": "widget"
                        },
                        {
                            "id": "b7d0264",
                            "settings": {
                                "_skin": "theme_comments"
                            },
                            "elements": [],
                            "isInner": false,
                            "widgetType": "post-comments",
                            "elType": "widget"
                        }
                    ],
                    "isInner": true,
                    "elType": "container"
                },
                {
                    "id": "85e28f8",
                    "settings": {
                        "content_width": "full",
                        "width": {
                            "unit": "%",
                            "size": 30,
                            "sizes": []
                        },
                        "padding": {
                            "unit": "em",
                            "top": "1",
                            "right": "1",
                            "bottom": "1",
                            "left": "1",
                            "isLinked": true
                        },
                        "padding_tablet": {
                            "unit": "em",
                            "top": "",
                            "right": "",
                            "bottom": "",
                            "left": "",
                            "isLinked": true
                        },
                        "padding_mobile": {
                            "unit": "em",
                            "top": "",
                            "right": "",
                            "bottom": "",
                            "left": "",
                            "isLinked": true
                        },
                        "width_tablet": {
                            "unit": "%",
                            "size": 100,
                            "sizes": []
                        },
                        "width_mobile": {
                            "unit": "%",
                            "size": "",
                            "sizes": []
                        },
                        "flex_direction_tablet": "row",
                        "flex_justify_content_tablet": "space-between",
                        "flex_wrap_tablet": "wrap"
                    },
                    "elements": [
                        {
                            "id": "77a6c198",
                            "settings": {
                                "background_background": "gradient",
                                "padding": {
                                    "unit": "em",
                                    "top": "2",
                                    "right": "2",
                                    "bottom": "2",
                                    "left": "2",
                                    "isLinked": true
                                },
                                "padding_tablet": {
                                    "unit": "em",
                                    "top": "",
                                    "right": "",
                                    "bottom": "",
                                    "left": "",
                                    "isLinked": true
                                },
                                "padding_mobile": {
                                    "unit": "em",
                                    "top": "",
                                    "right": "",
                                    "bottom": "",
                                    "left": "",
                                    "isLinked": true
                                },
                                "__globals__": {
                                    "background_color": "globals\/colors?id=c94d9ab",
                                    "background_color_b": "globals\/colors?id=044b931",
                                    "border_color": "globals\/colors?id=4d462f5"
                                },
                                "content_width": "full",
                                "width_tablet": {
                                    "unit": "%",
                                    "size": 48,
                                    "sizes": []
                                },
                                "width_mobile": {
                                    "unit": "%",
                                    "size": "",
                                    "sizes": []
                                },
                                "boxed_width_tablet": {
                                    "unit": "%",
                                    "size": 48,
                                    "sizes": []
                                },
                                "boxed_width_mobile": {
                                    "unit": "%",
                                    "size": "",
                                    "sizes": []
                                },
                                "border_border": "solid",
                                "border_width": {
                                    "unit": "px",
                                    "top": "1",
                                    "right": "1",
                                    "bottom": "1",
                                    "left": "1",
                                    "isLinked": true
                                },
                                "border_radius": {
                                    "unit": "px",
                                    "top": "10",
                                    "right": "10",
                                    "bottom": "10",
                                    "left": "10",
                                    "isLinked": true
                                }
                            },
                            "elements": [
                                {
                                    "id": "5cc3f351",
                                    "settings": {
                                        "title": "Popular Categories",
                                        "header_size": "h4"
                                    },
                                    "elements": [],
                                    "isInner": false,
                                    "widgetType": "heading",
                                    "elType": "widget"
                                },
                                {
                                    "id": "5d5cce63",
                                    "settings": {
                                        "icon_list": [
                                            {
                                                "_id": "f7c58b3",
                                                "icons": {
                                                    "value": "icomoon icomoon-arrow-right2",
                                                    "library": "skb_cife-icomoon-icon"
                                                },
                                                "link": "12"
                                            },
                                            {
                                                "icons": {
                                                    "value": "icomoon icomoon-arrow-right2",
                                                    "library": "skb_cife-icomoon-icon"
                                                },
                                                "link": "7",
                                                "_id": "f9017d0"
                                            },
                                            {
                                                "icons": {
                                                    "value": "icomoon icomoon-arrow-right2",
                                                    "library": "skb_cife-icomoon-icon"
                                                },
                                                "link": "10",
                                                "_id": "cab662b"
                                            },
                                            {
                                                "icons": {
                                                    "value": "icomoon icomoon-arrow-right2",
                                                    "library": "skb_cife-icomoon-icon"
                                                },
                                                "link": "9",
                                                "_id": "4136bf8"
                                            },
                                            {
                                                "icons": {
                                                    "value": "icomoon icomoon-arrow-right2",
                                                    "library": "skb_cife-icomoon-icon"
                                                },
                                                "link": "11",
                                                "_id": "ea665d7"
                                            },
                                            {
                                                "icons": {
                                                    "value": "icomoon icomoon-arrow-right2",
                                                    "library": "skb_cife-icomoon-icon"
                                                },
                                                "link": "8",
                                                "_id": "56d38e3"
                                            }
                                        ],
                                        "space_between": {
                                            "unit": "px",
                                            "size": 21,
                                            "sizes": []
                                        },
                                        "divider": "yes",
                                        "text_indent": {
                                            "unit": "px",
                                            "size": 14,
                                            "sizes": []
                                        },
                                        "__globals__": {
                                            "divider_color": "globals\/colors?id=accent",
                                            "icon_color": "globals\/colors?id=3ee16e7",
                                            "icon_typography_typography": "globals\/typography?id=520c191",
                                            "text_color": "globals\/colors?id=secondary",
                                            "text_color_hover": "globals\/colors?id=332724a"
                                        }
                                    },
                                    "elements": [],
                                    "isInner": false,
                                    "widgetType": "elementskit-category-list",
                                    "elType": "widget"
                                }
                            ],
                            "isInner": true,
                            "elType": "container"
                        },
                        {
                            "id": "b9b640f",
                            "settings": {
                                "content_width": "full",
                                "width_tablet": {
                                    "unit": "%",
                                    "size": 48,
                                    "sizes": []
                                },
                                "width_mobile": {
                                    "unit": "%",
                                    "size": "",
                                    "sizes": []
                                },
                                "background_background": "classic",
                                "background_color_b_stop": {
                                    "unit": "%",
                                    "size": 60,
                                    "sizes": []
                                },
                                "background_gradient_angle": {
                                    "unit": "deg",
                                    "size": 135,
                                    "sizes": []
                                },
                                "border_radius": {
                                    "unit": "px",
                                    "top": "10",
                                    "right": "10",
                                    "bottom": "10",
                                    "left": "10",
                                    "isLinked": true
                                },
                                "box_shadow_box_shadow": {
                                    "horizontal": -30,
                                    "vertical": -10,
                                    "blur": 53,
                                    "spread": 0,
                                    "color": "#FFB07B"
                                },
                                "box_shadow_box_shadow_position": "inset",
                                "padding": {
                                    "unit": "em",
                                    "top": "2",
                                    "right": "2",
                                    "bottom": "2",
                                    "left": "2",
                                    "isLinked": true
                                },
                                "padding_tablet": {
                                    "unit": "em",
                                    "top": "",
                                    "right": "",
                                    "bottom": "",
                                    "left": "",
                                    "isLinked": true
                                },
                                "padding_mobile": {
                                    "unit": "em",
                                    "top": "",
                                    "right": "",
                                    "bottom": "",
                                    "left": "",
                                    "isLinked": true
                                },
                                "__globals__": {
                                    "background_color": "globals\/colors?id=7fbea4f",
                                    "background_color_b": "globals\/colors?id=c94d9ab"
                                }
                            },
                            "elements": [
                                {
                                    "id": "7300a3be",
                                    "settings": {
                                        "title": "Newsletter",
                                        "header_size": "h4"
                                    },
                                    "elements": [],
                                    "isInner": false,
                                    "widgetType": "heading",
                                    "elType": "widget"
                                },
                                {
                                    "id": "1d36239",
                                    "settings": {
                                        "title": "Get free tips and resources right in your inbox, along with 10,000+ others",
                                        "header_size": "div",
                                        "__globals__": {
                                            "typography_typography": "globals\/typography?id=b2ce6af",
                                            "title_color": "globals\/colors?id=secondary"
                                        }
                                    },
                                    "elements": [],
                                    "isInner": false,
                                    "widgetType": "heading",
                                    "elType": "widget"
                                },
                                {
                                    "id": "1baad666",
                                    "settings": {
                                        "form_name": "New Form",
                                        "form_fields": [
                                            {
                                                "custom_id": "name",
                                                "field_label": "Name",
                                                "placeholder": "Name",
                                                "dynamic": {
                                                    "active": true
                                                },
                                                "_id": "7b496fa"
                                            },
                                            {
                                                "custom_id": "email",
                                                "field_type": "email",
                                                "required": "true",
                                                "field_label": "Email",
                                                "placeholder": "Email",
                                                "_id": "7b9d440"
                                            }
                                        ],
                                        "show_labels": "",
                                        "step_next_label": "Next",
                                        "step_previous_label": "Previous",
                                        "button_text": "Sign up",
                                        "selected_button_icon": {
                                            "value": "icon icon-envelope1",
                                            "library": "ekiticons"
                                        },
                                        "email_content": "[all-fields]",
                                        "email_content_2": "[all-fields]",
                                        "success_message": "Your submission was successful.",
                                        "error_message": "Your submission failed because of an error.",
                                        "server_message": "Your submission failed because of a server error.",
                                        "invalid_message": "Your submission failed because the form is invalid.",
                                        "required_field_message": "This field is required.",
                                        "__globals__": {
                                            "field_border_color": "globals\/colors?id=text",
                                            "field_text_color": "globals\/colors?id=044b931",
                                            "button_background_color": "globals\/colors?id=044b931",
                                            "button_background_hover_color": "globals\/colors?id=text"
                                        }
                                    },
                                    "elements": [],
                                    "isInner": false,
                                    "widgetType": "form",
                                    "elType": "widget"
                                }
                            ],
                            "isInner": true,
                            "elType": "container"
                        },
                        {
                            "id": "4cfe9f84",
                            "settings": {
                                "background_background": "gradient",
                                "padding": {
                                    "unit": "em",
                                    "top": "2",
                                    "right": "2",
                                    "bottom": "2",
                                    "left": "2",
                                    "isLinked": true
                                },
                                "padding_tablet": {
                                    "unit": "em",
                                    "top": "",
                                    "right": "",
                                    "bottom": "",
                                    "left": "",
                                    "isLinked": true
                                },
                                "padding_mobile": {
                                    "unit": "em",
                                    "top": "",
                                    "right": "",
                                    "bottom": "",
                                    "left": "",
                                    "isLinked": true
                                },
                                "__globals__": {
                                    "background_color": "globals\/colors?id=c94d9ab",
                                    "background_color_b": "globals\/colors?id=044b931",
                                    "border_color": "globals\/colors?id=4d462f5"
                                },
                                "border_border": "solid",
                                "border_width": {
                                    "unit": "px",
                                    "top": "1",
                                    "right": "1",
                                    "bottom": "1",
                                    "left": "1",
                                    "isLinked": true
                                },
                                "border_radius": {
                                    "unit": "px",
                                    "top": "10",
                                    "right": "10",
                                    "bottom": "10",
                                    "left": "10",
                                    "isLinked": true
                                }
                            },
                            "elements": [
                                {
                                    "id": "4fa6bb05",
                                    "settings": {
                                        "title": "Latest Post",
                                        "header_size": "h4"
                                    },
                                    "elements": [],
                                    "isInner": false,
                                    "widgetType": "heading",
                                    "elType": "widget"
                                },
                                {
                                    "id": "65643a19",
                                    "settings": {
                                        "classic_columns": "1",
                                        "classic_thumbnail": "left",
                                        "classic_thumbnail_size_size": "full",
                                        "classic_item_ratio": {
                                            "unit": "px",
                                            "size": 1,
                                            "sizes": []
                                        },
                                        "classic_item_ratio_mobile": {
                                            "unit": "px",
                                            "size": 1,
                                            "sizes": []
                                        },
                                        "classic_image_width": {
                                            "unit": "%",
                                            "size": 25,
                                            "sizes": []
                                        },
                                        "classic_image_width_mobile": {
                                            "unit": "%",
                                            "size": 25,
                                            "sizes": []
                                        },
                                        "classic_title_tag": "div",
                                        "classic_show_excerpt": "",
                                        "classic_meta_data": [
                                            "date"
                                        ],
                                        "classic_meta_separator": ".",
                                        "classic_show_read_more": "",
                                        "classic_read_more_text": "Read More \u00bb",
                                        "cards_meta_separator": "\u2022",
                                        "cards_read_more_text": "Read More \u00bb",
                                        "full_content_meta_separator": "\/\/\/",
                                        "classic_column_gap": {
                                            "unit": "px",
                                            "size": 14,
                                            "sizes": []
                                        },
                                        "classic_row_gap": {
                                            "unit": "px",
                                            "size": 14,
                                            "sizes": []
                                        },
                                        "classic_img_border_radius": {
                                            "unit": "px",
                                            "top": "5",
                                            "right": "5",
                                            "bottom": "5",
                                            "left": "5",
                                            "isLinked": true
                                        },
                                        "classic_image_spacing": {
                                            "unit": "px",
                                            "size": 14,
                                            "sizes": []
                                        },
                                        "classic_thumbnail_filters_css_filter": "custom",
                                        "classic_thumbnail_filters_saturate": {
                                            "unit": "px",
                                            "size": 0,
                                            "sizes": []
                                        },
                                        "classic_thumbnail_hover_filters_css_filter": "custom",
                                        "pagination_page_limit": "5",
                                        "pagination_prev_label": "&laquo; Previous",
                                        "pagination_next_label": "Next &raquo;",
                                        "text": "Load More",
                                        "load_more_no_posts_custom_message": "No more posts to show",
                                        "__globals__": {
                                            "classic_title_typography_typography": "globals\/typography?id=69c152f",
                                            "classic_meta_typography_typography": "globals\/typography?id=112b6c4",
                                            "classic_title_color": "globals\/colors?id=secondary"
                                        }
                                    },
                                    "elements": [],
                                    "isInner": false,
                                    "widgetType": "posts",
                                    "elType": "widget"
                                }
                            ],
                            "isInner": true,
                            "elType": "container"
                        }
                    ],
                    "isInner": true,
                    "elType": "container"
                }
            ],
            "isInner": false,
            "elType": "container"
        }
    ]
}