{
    "version": "0.4",
    "title": "FAQ",
    "type": "page",
    "metadata": {
        "template_type": "single-page",
        "include_in_zip": "1",
        "elementor_pro_required": "1",
        "wp_page_template": "elementor_header_footer"
    },
    "content": [
        {
            "id": "3618dc3e",
            "settings": {
                "flex_direction": "column",
                "boxed_width": {
                    "unit": "px",
                    "size": 640,
                    "sizes": []
                },
                "padding": {
                    "unit": "em",
                    "top": "7",
                    "right": "0",
                    "bottom": "0",
                    "left": "0",
                    "isLinked": false
                },
                "padding_tablet": {
                    "unit": "em",
                    "top": "6",
                    "right": "0",
                    "bottom": "0",
                    "left": "0",
                    "isLinked": false
                },
                "padding_mobile": {
                    "unit": "em",
                    "top": "5",
                    "right": "0",
                    "bottom": "0",
                    "left": "0",
                    "isLinked": false
                },
                "background_background": "classic",
                "background_image": {
                    "url": "http:\/\/theme.creativemox.com\/digimax\/wp-content\/uploads\/sites\/7\/2024\/01\/bg_pattern.png",
                    "id": 198,
                    "size": "",
                    "alt": "",
                    "source": "library"
                },
                "background_overlay_background": "gradient",
                "background_overlay_opacity": {
                    "unit": "px",
                    "size": 1,
                    "sizes": []
                },
                "__globals__": {
                    "background_overlay_color": "globals\/colors?id=044b931",
                    "border_color": "globals\/colors?id=accent",
                    "background_overlay_color_b": ""
                },
                "background_overlay_color": "#0A0118",
                "background_overlay_color_stop": {
                    "unit": "%",
                    "size": 10,
                    "sizes": []
                },
                "background_overlay_color_b": "#0A0118CC",
                "background_overlay_gradient_type": "radial",
                "background_overlay_gradient_position": "top center",
                "border_border": "solid",
                "border_width": {
                    "unit": "px",
                    "top": "0",
                    "right": "0",
                    "bottom": "1",
                    "left": "0",
                    "isLinked": false
                },
                "border_color": "#FFFFFF2B",
                "border_radius": {
                    "unit": "px",
                    "top": "0",
                    "right": "0",
                    "bottom": "100",
                    "left": "100",
                    "isLinked": false
                },
                "margin": {
                    "unit": "em",
                    "top": "",
                    "right": "",
                    "bottom": "",
                    "left": "",
                    "isLinked": true
                },
                "margin_tablet": {
                    "unit": "em",
                    "top": "",
                    "right": "",
                    "bottom": "",
                    "left": "",
                    "isLinked": true
                },
                "margin_mobile": {
                    "unit": "em",
                    "top": "",
                    "right": "",
                    "bottom": "",
                    "left": "",
                    "isLinked": true
                },
                "border_radius_tablet": {
                    "unit": "px",
                    "top": "0",
                    "right": "0",
                    "bottom": "50",
                    "left": "50",
                    "isLinked": false
                },
                "border_radius_mobile": {
                    "unit": "px",
                    "top": "0",
                    "right": "0",
                    "bottom": "25",
                    "left": "25",
                    "isLinked": false
                }
            },
            "elements": [
                {
                    "id": "26735d21",
                    "settings": {
                        "padding": {
                            "unit": "em",
                            "top": "7",
                            "right": "2",
                            "bottom": "7",
                            "left": "2",
                            "isLinked": false
                        },
                        "padding_tablet": {
                            "unit": "em",
                            "top": "5",
                            "right": "2",
                            "bottom": "5",
                            "left": "2",
                            "isLinked": false
                        },
                        "padding_mobile": {
                            "unit": "em",
                            "top": "3",
                            "right": "1",
                            "bottom": "3",
                            "left": "1",
                            "isLinked": false
                        },
                        "flex_gap_mobile": {
                            "column": "14",
                            "row": "14",
                            "isLinked": true,
                            "unit": "px",
                            "size": 14
                        },
                        "background_background": "classic",
                        "background_image": {
                            "url": "http:\/\/theme.creativemox.com\/digimax\/wp-content\/uploads\/sites\/7\/2024\/01\/bg__img3.png",
                            "id": 208,
                            "size": "",
                            "alt": "",
                            "source": "library"
                        },
                        "background_position": "center center",
                        "background_repeat": "no-repeat",
                        "background_size": "cover",
                        "background_overlay_background": "gradient",
                        "background_overlay_color": "#0A011880",
                        "background_overlay_color_b": "#0A011833",
                        "background_overlay_gradient_type": "radial",
                        "background_overlay_opacity": {
                            "unit": "px",
                            "size": 1,
                            "sizes": []
                        },
                        "__globals__": {
                            "background_overlay_color": "",
                            "background_overlay_color_b": ""
                        }
                    },
                    "elements": [
                        {
                            "id": "5ddd55ab",
                            "settings": {
                                "title": "Heading",
                                "header_size": "h1",
                                "align": "center",
                                "_animation": "fadeInDown",
                                "_animation_delay": 200,
                                "__dynamic__": {
                                    "title": "[elementor-tag id=\"8abfe79\" name=\"post-title\" settings=\"%7B%7D\"]"
                                }
                            },
                            "elements": [],
                            "isInner": false,
                            "widgetType": "heading",
                            "elType": "widget"
                        },
                        {
                            "id": "15f7bec9",
                            "settings": {
                                "title": "Start the conversation to established good relationship and business.\n",
                                "header_size": "h4",
                                "align": "center",
                                "__dynamic__": [],
                                "_animation": "fadeInUp",
                                "_animation_delay": 300
                            },
                            "elements": [],
                            "isInner": false,
                            "widgetType": "heading",
                            "elType": "widget"
                        }
                    ],
                    "isInner": true,
                    "elType": "container"
                }
            ],
            "isInner": false,
            "elType": "container"
        },
        {
            "id": "65668291",
            "settings": {
                "flex_direction": "row",
                "flex_justify_content": "space-between",
                "flex_gap": {
                    "column": "0",
                    "row": "0",
                    "isLinked": false,
                    "unit": "px",
                    "size": 0
                },
                "flex_wrap": "wrap",
                "padding": {
                    "unit": "em",
                    "top": "7",
                    "right": "0",
                    "bottom": "7",
                    "left": "0",
                    "isLinked": false
                },
                "padding_tablet": {
                    "unit": "em",
                    "top": "3",
                    "right": "0",
                    "bottom": "3",
                    "left": "0",
                    "isLinked": false
                },
                "padding_mobile": {
                    "unit": "em",
                    "top": "1",
                    "right": "0",
                    "bottom": "2",
                    "left": "0",
                    "isLinked": false
                }
            },
            "elements": [
                {
                    "id": "754d838e",
                    "settings": {
                        "content_width": "full",
                        "width": {
                            "unit": "%",
                            "size": 35,
                            "sizes": []
                        },
                        "padding": {
                            "unit": "em",
                            "top": "1",
                            "right": "1",
                            "bottom": "1",
                            "left": "1",
                            "isLinked": true
                        },
                        "padding_tablet": {
                            "unit": "em",
                            "top": "",
                            "right": "",
                            "bottom": "",
                            "left": "",
                            "isLinked": true
                        },
                        "padding_mobile": {
                            "unit": "em",
                            "top": "",
                            "right": "",
                            "bottom": "",
                            "left": "",
                            "isLinked": true
                        }
                    },
                    "elements": [
                        {
                            "id": "7037f3b2",
                            "settings": {
                                "title": "Common Questions",
                                "header_size": "h6"
                            },
                            "elements": [],
                            "isInner": false,
                            "widgetType": "heading",
                            "elType": "widget"
                        },
                        {
                            "id": "52e55ef5",
                            "settings": {
                                "title": "Most Popular Questions"
                            },
                            "elements": [],
                            "isInner": false,
                            "widgetType": "heading",
                            "elType": "widget"
                        },
                        {
                            "id": "20ef6df1",
                            "settings": {
                                "title": "Egestas ad odio senectus tortor dictumst metus feugiat vulputate blandit si fusce",
                                "header_size": "div",
                                "__globals__": {
                                    "typography_typography": "globals\/typography?id=b2ce6af"
                                }
                            },
                            "elements": [],
                            "isInner": false,
                            "widgetType": "heading",
                            "elType": "widget"
                        },
                        {
                            "id": "2470f981",
                            "settings": {
                                "text": "Discover more",
                                "size": "xs"
                            },
                            "elements": [],
                            "isInner": false,
                            "widgetType": "button",
                            "elType": "widget"
                        }
                    ],
                    "isInner": true,
                    "elType": "container"
                },
                {
                    "id": "60acdb0",
                    "settings": {
                        "content_width": "full",
                        "width": {
                            "unit": "%",
                            "size": 65,
                            "sizes": []
                        },
                        "padding": {
                            "unit": "em",
                            "top": "1",
                            "right": "1",
                            "bottom": "1",
                            "left": "3",
                            "isLinked": false
                        },
                        "padding_tablet": {
                            "unit": "em",
                            "top": "1",
                            "right": "1",
                            "bottom": "1",
                            "left": "1",
                            "isLinked": true
                        },
                        "padding_mobile": {
                            "unit": "em",
                            "top": "",
                            "right": "",
                            "bottom": "",
                            "left": "",
                            "isLinked": true
                        }
                    },
                    "elements": [
                        {
                            "id": "769ca3e0",
                            "settings": {
                                "ekit_accordion_items": [
                                    {
                                        "acc_title": "Ultrices sapien nascetur aliquam penatibus consectetuer?",
                                        "ekit_acc_is_active": "yes",
                                        "_id": "f1baa00",
                                        "acc_content": "<p>Class elit quam letius primis laoreet elementum conubia fusce augue. Risus laoreet dis eleifend parturient euismod vulputate pede est nunc ad rutrum. Venenatis mollis nunc potenti nascetur pulvinar dolor libero consectetur fusce a platea.<\/p>"
                                    },
                                    {
                                        "acc_title": "Ridiculus nullam letius netus aptent ornare?",
                                        "_id": "6a0073c",
                                        "acc_content": "<p>Class elit quam letius primis laoreet elementum conubia fusce augue. Risus laoreet dis eleifend parturient euismod vulputate pede est nunc ad rutrum. Venenatis mollis nunc potenti nascetur pulvinar dolor libero consectetur fusce a platea.<\/p>"
                                    },
                                    {
                                        "acc_title": "Sagittis nisl sed condimentum primis vestibulum ante?",
                                        "_id": "27ae0b7",
                                        "acc_content": "<p>Class elit quam letius primis laoreet elementum conubia fusce augue. Risus laoreet dis eleifend parturient euismod vulputate pede est nunc ad rutrum. Venenatis mollis nunc potenti nascetur pulvinar dolor libero consectetur fusce a platea.<\/p>"
                                    },
                                    {
                                        "acc_title": "Sed in habitasse malesuada convallis eget ultricies conubia?",
                                        "acc_content": "<p>Class elit quam letius primis laoreet elementum conubia fusce augue. Risus laoreet dis eleifend parturient euismod vulputate pede est nunc ad rutrum. Venenatis mollis nunc potenti nascetur pulvinar dolor libero consectetur fusce a platea.<\/p>",
                                        "_id": "aa5d5d0"
                                    },
                                    {
                                        "acc_title": "Ad ornare quis at praesent eros cursus est?",
                                        "acc_content": "<p>Class elit quam letius primis laoreet elementum conubia fusce augue. Risus laoreet dis eleifend parturient euismod vulputate pede est nunc ad rutrum. Venenatis mollis nunc potenti nascetur pulvinar dolor libero consectetur fusce a platea.<\/p>",
                                        "_id": "b931032"
                                    }
                                ],
                                "ekit_accordion_background_background": "gradient",
                                "ekit_accordion_background_gradient_type": "radial",
                                "ekit_accordion_background_gradient_position": "top left",
                                "ekit_accordion_title_border_open_border": "solid",
                                "ekit_accordion_title_border_open_width": {
                                    "unit": "px",
                                    "top": "0",
                                    "right": "0",
                                    "bottom": "1",
                                    "left": "0",
                                    "isLinked": false
                                },
                                "ekit_accordion_border_radious_curve_shape_open": {
                                    "unit": "px",
                                    "top": "10",
                                    "right": "10",
                                    "bottom": "0",
                                    "left": "0",
                                    "isLinked": false
                                },
                                "ekit_accordion_background_close_background": "classic",
                                "ekit_accordion_title_border_close_border": "none",
                                "ekit_accordion_border_radious_close": {
                                    "unit": "px",
                                    "top": "10",
                                    "right": "10",
                                    "bottom": "10",
                                    "left": "10",
                                    "isLinked": true
                                },
                                "ekit_accordion_title_padding": {
                                    "unit": "px",
                                    "top": "21",
                                    "right": "42",
                                    "bottom": "21",
                                    "left": "21",
                                    "isLinked": false
                                },
                                "ekit_accordion_content_background_background": "classic",
                                "ekit_accordion_content_border_radious": {
                                    "unit": "px",
                                    "top": "0",
                                    "right": "0",
                                    "bottom": "10",
                                    "left": "10",
                                    "isLinked": false
                                },
                                "ekit_accordion_content_padding": {
                                    "unit": "px",
                                    "top": "21",
                                    "right": "21",
                                    "bottom": "21",
                                    "left": "21",
                                    "isLinked": true
                                },
                                "ekit_accordion_border_closed_border": "solid",
                                "ekit_accordion_border_closed_width": {
                                    "unit": "px",
                                    "top": "1",
                                    "right": "1",
                                    "bottom": "1",
                                    "left": "1",
                                    "isLinked": true
                                },
                                "ekit_accordion_border_radious_closed": {
                                    "unit": "px",
                                    "top": "10",
                                    "right": "10",
                                    "bottom": "10",
                                    "left": "10",
                                    "isLinked": true
                                },
                                "ekit_accordion_border_open_border": "solid",
                                "ekit_accordion_border_open_width": {
                                    "unit": "px",
                                    "top": "1",
                                    "right": "1",
                                    "bottom": "1",
                                    "left": "1",
                                    "isLinked": true
                                },
                                "ekit_accordion_border_radious_open": {
                                    "unit": "px",
                                    "top": "10",
                                    "right": "10",
                                    "bottom": "10",
                                    "left": "10",
                                    "isLinked": true
                                },
                                "ekit_accordion_section_icon_margin": {
                                    "unit": "px",
                                    "top": "21",
                                    "right": "21",
                                    "bottom": "21",
                                    "left": "21",
                                    "isLinked": true
                                },
                                "__globals__": {
                                    "ekit_accordion_title_typography_typography": "globals\/typography?id=520c191",
                                    "ekit_accordion_title_color": "globals\/colors?id=secondary",
                                    "ekit_accordion_background_color": "globals\/colors?id=c94d9ab",
                                    "ekit_accordion_background_color_b": "globals\/colors?id=044b931",
                                    "ekit_accordion_title_border_open_color": "globals\/colors?id=4d462f5",
                                    "ekit_accordion_title_color_close": "globals\/colors?id=secondary",
                                    "ekit_accordion_background_close_color": "globals\/colors?id=044b931",
                                    "ekit_accordion_content_typography_typography": "globals\/typography?id=b2ce6af",
                                    "ekit_accordion_content_color": "globals\/colors?id=primary",
                                    "ekit_accordion_content_background_color": "globals\/colors?id=cfa1f76",
                                    "ekit_accordion_border_closed_color": "globals\/colors?id=4d462f5",
                                    "ekit_accordion_border_open_color": "globals\/colors?id=4d462f5"
                                },
                                "ekit_accordion_right_icon_actives": {
                                    "value": "icon icon-up-arrow1",
                                    "library": "ekiticons"
                                },
                                "ekit_accordion_title_padding_mobile": {
                                    "unit": "px",
                                    "top": "16",
                                    "right": "32",
                                    "bottom": "16",
                                    "left": "16",
                                    "isLinked": false
                                },
                                "ekit_accordion_content_padding_mobile": {
                                    "unit": "px",
                                    "top": "16",
                                    "right": "16",
                                    "bottom": "16",
                                    "left": "16",
                                    "isLinked": true
                                },
                                "ekit_accordion_icon_typography_close_mobile": {
                                    "unit": "px",
                                    "size": 14,
                                    "sizes": []
                                },
                                "ekit_accordion_icon_typography_mobile": {
                                    "unit": "px",
                                    "size": 14,
                                    "sizes": []
                                },
                                "ekit_accordion_section_icon_margin_mobile": {
                                    "unit": "px",
                                    "top": "16",
                                    "right": "16",
                                    "bottom": "16",
                                    "left": "16",
                                    "isLinked": true
                                }
                            },
                            "elements": [],
                            "isInner": false,
                            "widgetType": "elementskit-accordion",
                            "elType": "widget"
                        }
                    ],
                    "isInner": true,
                    "elType": "container"
                }
            ],
            "isInner": false,
            "elType": "container"
        },
        {
            "id": "375bfdb0",
            "settings": {
                "flex_direction": "column"
            },
            "elements": [
                {
                    "id": "76f1b24f",
                    "settings": {
                        "background_background": "classic",
                        "background_color": "#0A0118",
                        "background_color_stop": {
                            "unit": "%",
                            "size": 50,
                            "sizes": []
                        },
                        "background_color_b": "#B47CFD66",
                        "background_gradient_position": "top center",
                        "background_image": {
                            "url": "http:\/\/theme.creativemox.com\/digimax\/wp-content\/uploads\/sites\/7\/2024\/01\/bg_pattern.png",
                            "id": 198,
                            "size": "",
                            "alt": "",
                            "source": "library"
                        },
                        "background_overlay_background": "classic",
                        "background_overlay_image": {
                            "url": "http:\/\/theme.creativemox.com\/digimax\/wp-content\/uploads\/sites\/7\/2024\/01\/bg__img2.png",
                            "id": 139,
                            "size": "",
                            "alt": "",
                            "source": "library"
                        },
                        "background_overlay_position": "top center",
                        "background_overlay_repeat": "no-repeat",
                        "border_border": "solid",
                        "border_width": {
                            "unit": "px",
                            "top": "1",
                            "right": "1",
                            "bottom": "1",
                            "left": "1",
                            "isLinked": true
                        },
                        "border_radius": {
                            "unit": "px",
                            "top": "10",
                            "right": "10",
                            "bottom": "10",
                            "left": "10",
                            "isLinked": true
                        },
                        "box_shadow_box_shadow": {
                            "horizontal": 0,
                            "vertical": -100,
                            "blur": 100,
                            "spread": -100,
                            "color": "#FFFFFF"
                        },
                        "box_shadow_box_shadow_position": "inset",
                        "padding": {
                            "unit": "em",
                            "top": "2",
                            "right": "2",
                            "bottom": "2",
                            "left": "2",
                            "isLinked": true
                        },
                        "padding_tablet": {
                            "unit": "em",
                            "top": "",
                            "right": "",
                            "bottom": "",
                            "left": "",
                            "isLinked": true
                        },
                        "padding_mobile": {
                            "unit": "em",
                            "top": "1",
                            "right": "1",
                            "bottom": "1",
                            "left": "1",
                            "isLinked": true
                        },
                        "__globals__": {
                            "background_color": "globals\/colors?id=044b931",
                            "background_color_b": "",
                            "border_color": "globals\/colors?id=4d462f5",
                            "background_overlay_color": "globals\/colors?id=044b931"
                        }
                    },
                    "elements": [
                        {
                            "id": "510ab5d7",
                            "settings": {
                                "boxed_width": {
                                    "unit": "px",
                                    "size": 640,
                                    "sizes": []
                                },
                                "background_background": "gradient",
                                "background_color": "#0A0118",
                                "background_color_stop": {
                                    "unit": "%",
                                    "size": 15,
                                    "sizes": []
                                },
                                "background_color_b": "#0A011800",
                                "background_color_b_stop": {
                                    "unit": "%",
                                    "size": 65,
                                    "sizes": []
                                },
                                "background_gradient_type": "radial",
                                "padding": {
                                    "unit": "em",
                                    "top": "2",
                                    "right": "2",
                                    "bottom": "2",
                                    "left": "2",
                                    "isLinked": true
                                },
                                "padding_tablet": {
                                    "unit": "em",
                                    "top": "",
                                    "right": "",
                                    "bottom": "",
                                    "left": "",
                                    "isLinked": true
                                },
                                "padding_mobile": {
                                    "unit": "em",
                                    "top": "1",
                                    "right": "1",
                                    "bottom": "1",
                                    "left": "1",
                                    "isLinked": true
                                },
                                "__globals__": {
                                    "background_color": "globals\/colors?id=044b931",
                                    "background_color_b": ""
                                }
                            },
                            "elements": [
                                {
                                    "id": "7a4a10f3",
                                    "settings": {
                                        "title": "Where Strategy Meets Digital. Your Success Story Begins with Digimax.",
                                        "align": "center"
                                    },
                                    "elements": [],
                                    "isInner": false,
                                    "widgetType": "heading",
                                    "elType": "widget"
                                },
                                {
                                    "id": "1ecb17fb",
                                    "settings": {
                                        "align": "center"
                                    },
                                    "elements": [],
                                    "isInner": false,
                                    "widgetType": "text-editor",
                                    "elType": "widget"
                                },
                                {
                                    "id": "529934fa",
                                    "settings": {
                                        "text": "Discover more",
                                        "align": "center"
                                    },
                                    "elements": [],
                                    "isInner": false,
                                    "widgetType": "button",
                                    "elType": "widget"
                                }
                            ],
                            "isInner": true,
                            "elType": "container"
                        }
                    ],
                    "isInner": true,
                    "elType": "container"
                }
            ],
            "isInner": false,
            "elType": "container"
        },
        {
            "id": "37d2ee5a",
            "settings": {
                "flex_direction": "row",
                "flex_justify_content": "space-between",
                "flex_gap": {
                    "column": "0",
                    "row": "0",
                    "isLinked": false,
                    "unit": "px",
                    "size": 0
                },
                "flex_wrap": "wrap",
                "padding": {
                    "unit": "em",
                    "top": "7",
                    "right": "0",
                    "bottom": "7",
                    "left": "0",
                    "isLinked": false
                },
                "padding_tablet": {
                    "unit": "em",
                    "top": "3",
                    "right": "0",
                    "bottom": "3",
                    "left": "0",
                    "isLinked": false
                },
                "padding_mobile": {
                    "unit": "em",
                    "top": "1",
                    "right": "0",
                    "bottom": "2",
                    "left": "0",
                    "isLinked": false
                }
            },
            "elements": [
                {
                    "id": "610f3ad6",
                    "settings": {
                        "content_width": "full",
                        "width": {
                            "unit": "%",
                            "size": 35,
                            "sizes": []
                        },
                        "padding": {
                            "unit": "em",
                            "top": "1",
                            "right": "1",
                            "bottom": "1",
                            "left": "1",
                            "isLinked": true
                        },
                        "padding_tablet": {
                            "unit": "em",
                            "top": "",
                            "right": "",
                            "bottom": "",
                            "left": "",
                            "isLinked": true
                        },
                        "padding_mobile": {
                            "unit": "em",
                            "top": "",
                            "right": "",
                            "bottom": "",
                            "left": "",
                            "isLinked": true
                        }
                    },
                    "elements": [
                        {
                            "id": "79be6b96",
                            "settings": {
                                "title": "Payment Questions",
                                "header_size": "h6"
                            },
                            "elements": [],
                            "isInner": false,
                            "widgetType": "heading",
                            "elType": "widget"
                        },
                        {
                            "id": "29ea44c8",
                            "settings": {
                                "title": "Most Popular Questions"
                            },
                            "elements": [],
                            "isInner": false,
                            "widgetType": "heading",
                            "elType": "widget"
                        },
                        {
                            "id": "3c7aff25",
                            "settings": {
                                "title": "Egestas ad odio senectus tortor dictumst metus feugiat vulputate blandit si fusce",
                                "header_size": "div",
                                "__globals__": {
                                    "typography_typography": "globals\/typography?id=b2ce6af"
                                }
                            },
                            "elements": [],
                            "isInner": false,
                            "widgetType": "heading",
                            "elType": "widget"
                        },
                        {
                            "id": "6516c2c2",
                            "settings": {
                                "text": "Discover more",
                                "size": "xs"
                            },
                            "elements": [],
                            "isInner": false,
                            "widgetType": "button",
                            "elType": "widget"
                        }
                    ],
                    "isInner": true,
                    "elType": "container"
                },
                {
                    "id": "4f250bf8",
                    "settings": {
                        "content_width": "full",
                        "width": {
                            "unit": "%",
                            "size": 65,
                            "sizes": []
                        },
                        "padding": {
                            "unit": "em",
                            "top": "1",
                            "right": "1",
                            "bottom": "1",
                            "left": "3",
                            "isLinked": false
                        },
                        "padding_tablet": {
                            "unit": "em",
                            "top": "1",
                            "right": "1",
                            "bottom": "1",
                            "left": "1",
                            "isLinked": true
                        },
                        "padding_mobile": {
                            "unit": "em",
                            "top": "",
                            "right": "",
                            "bottom": "",
                            "left": "",
                            "isLinked": true
                        }
                    },
                    "elements": [
                        {
                            "id": "6f759ca9",
                            "settings": {
                                "ekit_accordion_items": [
                                    {
                                        "acc_title": "Ultrices sapien nascetur aliquam penatibus consectetuer?",
                                        "ekit_acc_is_active": "yes",
                                        "_id": "f1baa00",
                                        "acc_content": "<p>Class elit quam letius primis laoreet elementum conubia fusce augue. Risus laoreet dis eleifend parturient euismod vulputate pede est nunc ad rutrum. Venenatis mollis nunc potenti nascetur pulvinar dolor libero consectetur fusce a platea.<\/p>"
                                    },
                                    {
                                        "acc_title": "Ridiculus nullam letius netus aptent ornare?",
                                        "_id": "6a0073c",
                                        "acc_content": "<p>Class elit quam letius primis laoreet elementum conubia fusce augue. Risus laoreet dis eleifend parturient euismod vulputate pede est nunc ad rutrum. Venenatis mollis nunc potenti nascetur pulvinar dolor libero consectetur fusce a platea.<\/p>"
                                    },
                                    {
                                        "acc_title": "Sagittis nisl sed condimentum primis vestibulum ante?",
                                        "_id": "27ae0b7",
                                        "acc_content": "<p>Class elit quam letius primis laoreet elementum conubia fusce augue. Risus laoreet dis eleifend parturient euismod vulputate pede est nunc ad rutrum. Venenatis mollis nunc potenti nascetur pulvinar dolor libero consectetur fusce a platea.<\/p>"
                                    },
                                    {
                                        "acc_title": "Sed in habitasse malesuada convallis eget ultricies conubia?",
                                        "acc_content": "<p>Class elit quam letius primis laoreet elementum conubia fusce augue. Risus laoreet dis eleifend parturient euismod vulputate pede est nunc ad rutrum. Venenatis mollis nunc potenti nascetur pulvinar dolor libero consectetur fusce a platea.<\/p>",
                                        "_id": "aa5d5d0"
                                    },
                                    {
                                        "acc_title": "Ad ornare quis at praesent eros cursus est?",
                                        "acc_content": "<p>Class elit quam letius primis laoreet elementum conubia fusce augue. Risus laoreet dis eleifend parturient euismod vulputate pede est nunc ad rutrum. Venenatis mollis nunc potenti nascetur pulvinar dolor libero consectetur fusce a platea.<\/p>",
                                        "_id": "b931032"
                                    }
                                ],
                                "ekit_accordion_background_background": "gradient",
                                "ekit_accordion_background_gradient_type": "radial",
                                "ekit_accordion_background_gradient_position": "top left",
                                "ekit_accordion_title_border_open_border": "solid",
                                "ekit_accordion_title_border_open_width": {
                                    "unit": "px",
                                    "top": "0",
                                    "right": "0",
                                    "bottom": "1",
                                    "left": "0",
                                    "isLinked": false
                                },
                                "ekit_accordion_border_radious_curve_shape_open": {
                                    "unit": "px",
                                    "top": "10",
                                    "right": "10",
                                    "bottom": "0",
                                    "left": "0",
                                    "isLinked": false
                                },
                                "ekit_accordion_background_close_background": "classic",
                                "ekit_accordion_title_border_close_border": "none",
                                "ekit_accordion_border_radious_close": {
                                    "unit": "px",
                                    "top": "10",
                                    "right": "10",
                                    "bottom": "10",
                                    "left": "10",
                                    "isLinked": true
                                },
                                "ekit_accordion_title_padding": {
                                    "unit": "px",
                                    "top": "21",
                                    "right": "42",
                                    "bottom": "21",
                                    "left": "21",
                                    "isLinked": false
                                },
                                "ekit_accordion_content_background_background": "classic",
                                "ekit_accordion_content_border_radious": {
                                    "unit": "px",
                                    "top": "0",
                                    "right": "0",
                                    "bottom": "10",
                                    "left": "10",
                                    "isLinked": false
                                },
                                "ekit_accordion_content_padding": {
                                    "unit": "px",
                                    "top": "21",
                                    "right": "21",
                                    "bottom": "21",
                                    "left": "21",
                                    "isLinked": true
                                },
                                "ekit_accordion_border_closed_border": "solid",
                                "ekit_accordion_border_closed_width": {
                                    "unit": "px",
                                    "top": "1",
                                    "right": "1",
                                    "bottom": "1",
                                    "left": "1",
                                    "isLinked": true
                                },
                                "ekit_accordion_border_radious_closed": {
                                    "unit": "px",
                                    "top": "10",
                                    "right": "10",
                                    "bottom": "10",
                                    "left": "10",
                                    "isLinked": true
                                },
                                "ekit_accordion_border_open_border": "solid",
                                "ekit_accordion_border_open_width": {
                                    "unit": "px",
                                    "top": "1",
                                    "right": "1",
                                    "bottom": "1",
                                    "left": "1",
                                    "isLinked": true
                                },
                                "ekit_accordion_border_radious_open": {
                                    "unit": "px",
                                    "top": "10",
                                    "right": "10",
                                    "bottom": "10",
                                    "left": "10",
                                    "isLinked": true
                                },
                                "ekit_accordion_section_icon_margin": {
                                    "unit": "px",
                                    "top": "21",
                                    "right": "21",
                                    "bottom": "21",
                                    "left": "21",
                                    "isLinked": true
                                },
                                "__globals__": {
                                    "ekit_accordion_title_typography_typography": "globals\/typography?id=520c191",
                                    "ekit_accordion_title_color": "globals\/colors?id=secondary",
                                    "ekit_accordion_background_color": "globals\/colors?id=c94d9ab",
                                    "ekit_accordion_background_color_b": "globals\/colors?id=044b931",
                                    "ekit_accordion_title_border_open_color": "globals\/colors?id=4d462f5",
                                    "ekit_accordion_title_color_close": "globals\/colors?id=secondary",
                                    "ekit_accordion_background_close_color": "globals\/colors?id=044b931",
                                    "ekit_accordion_content_typography_typography": "globals\/typography?id=b2ce6af",
                                    "ekit_accordion_content_color": "globals\/colors?id=primary",
                                    "ekit_accordion_content_background_color": "globals\/colors?id=cfa1f76",
                                    "ekit_accordion_border_closed_color": "globals\/colors?id=4d462f5",
                                    "ekit_accordion_border_open_color": "globals\/colors?id=4d462f5"
                                },
                                "ekit_accordion_right_icon_actives": {
                                    "value": "icon icon-up-arrow1",
                                    "library": "ekiticons"
                                },
                                "ekit_accordion_title_padding_mobile": {
                                    "unit": "px",
                                    "top": "16",
                                    "right": "32",
                                    "bottom": "16",
                                    "left": "16",
                                    "isLinked": false
                                },
                                "ekit_accordion_content_padding_mobile": {
                                    "unit": "px",
                                    "top": "16",
                                    "right": "16",
                                    "bottom": "16",
                                    "left": "16",
                                    "isLinked": true
                                },
                                "ekit_accordion_icon_typography_close_mobile": {
                                    "unit": "px",
                                    "size": 14,
                                    "sizes": []
                                },
                                "ekit_accordion_icon_typography_mobile": {
                                    "unit": "px",
                                    "size": 14,
                                    "sizes": []
                                },
                                "ekit_accordion_section_icon_margin_mobile": {
                                    "unit": "px",
                                    "top": "16",
                                    "right": "16",
                                    "bottom": "16",
                                    "left": "16",
                                    "isLinked": true
                                }
                            },
                            "elements": [],
                            "isInner": false,
                            "widgetType": "elementskit-accordion",
                            "elType": "widget"
                        }
                    ],
                    "isInner": true,
                    "elType": "container"
                }
            ],
            "isInner": false,
            "elType": "container"
        }
    ]
}