{
    "version": "0.4",
    "title": "Single service",
    "type": "page",
    "metadata": {
        "template_type": "single-page",
        "include_in_zip": "1",
        "elementor_pro_required": "1",
        "wp_page_template": "elementor_header_footer"
    },
    "content": [
        {
            "id": "3d1b74a5",
            "settings": {
                "flex_direction": "row",
                "padding": {
                    "unit": "em",
                    "top": "7",
                    "right": "0",
                    "bottom": "0",
                    "left": "0",
                    "isLinked": false
                },
                "padding_tablet": {
                    "unit": "em",
                    "top": "6",
                    "right": "0",
                    "bottom": "0",
                    "left": "0",
                    "isLinked": false
                },
                "padding_mobile": {
                    "unit": "em",
                    "top": "5",
                    "right": "0",
                    "bottom": "0",
                    "left": "0",
                    "isLinked": false
                },
                "background_background": "classic",
                "background_image": {
                    "url": "http:\/\/theme.creativemox.com\/digimax\/wp-content\/uploads\/sites\/7\/2024\/01\/bg_pattern.png",
                    "id": 198,
                    "size": "",
                    "alt": "",
                    "source": "library"
                },
                "background_overlay_background": "gradient",
                "background_overlay_opacity": {
                    "unit": "px",
                    "size": 1,
                    "sizes": []
                },
                "__globals__": {
                    "background_overlay_color": "globals\/colors?id=044b931",
                    "border_color": "globals\/colors?id=accent",
                    "background_overlay_color_b": ""
                },
                "background_overlay_color": "#0A0118",
                "background_overlay_color_stop": {
                    "unit": "%",
                    "size": 10,
                    "sizes": []
                },
                "background_overlay_color_b": "#0A0118CC",
                "background_overlay_gradient_type": "radial",
                "background_overlay_gradient_position": "top center",
                "border_border": "solid",
                "border_width": {
                    "unit": "px",
                    "top": "0",
                    "right": "0",
                    "bottom": "1",
                    "left": "0",
                    "isLinked": false
                },
                "border_color": "#FFFFFF2B",
                "border_radius": {
                    "unit": "px",
                    "top": "0",
                    "right": "0",
                    "bottom": "100",
                    "left": "100",
                    "isLinked": false
                },
                "margin": {
                    "unit": "em",
                    "top": "",
                    "right": "",
                    "bottom": "",
                    "left": "",
                    "isLinked": true
                },
                "margin_tablet": {
                    "unit": "em",
                    "top": "",
                    "right": "",
                    "bottom": "",
                    "left": "",
                    "isLinked": true
                },
                "margin_mobile": {
                    "unit": "em",
                    "top": "",
                    "right": "",
                    "bottom": "",
                    "left": "",
                    "isLinked": true
                },
                "border_radius_tablet": {
                    "unit": "px",
                    "top": "0",
                    "right": "0",
                    "bottom": "50",
                    "left": "50",
                    "isLinked": false
                },
                "border_radius_mobile": {
                    "unit": "px",
                    "top": "0",
                    "right": "0",
                    "bottom": "25",
                    "left": "25",
                    "isLinked": false
                },
                "flex_justify_content": "space-between",
                "flex_gap": {
                    "column": "0",
                    "row": "0",
                    "isLinked": false,
                    "unit": "px",
                    "size": 0
                },
                "flex_wrap": "wrap"
            },
            "elements": [
                {
                    "id": "3ee05656",
                    "settings": {
                        "padding": {
                            "unit": "em",
                            "top": "5",
                            "right": "5",
                            "bottom": "5",
                            "left": "2",
                            "isLinked": false
                        },
                        "padding_tablet": {
                            "unit": "em",
                            "top": "5",
                            "right": "2",
                            "bottom": "5",
                            "left": "2",
                            "isLinked": false
                        },
                        "padding_mobile": {
                            "unit": "em",
                            "top": "3",
                            "right": "1",
                            "bottom": "3",
                            "left": "1",
                            "isLinked": false
                        },
                        "flex_gap_mobile": {
                            "column": "14",
                            "row": "14",
                            "isLinked": true,
                            "unit": "px",
                            "size": 14
                        },
                        "background_background": "classic",
                        "background_image": {
                            "url": "http:\/\/theme.creativemox.com\/digimax\/wp-content\/uploads\/sites\/7\/2024\/01\/bg__img3.png",
                            "id": 208,
                            "size": "",
                            "alt": "",
                            "source": "library"
                        },
                        "background_position": "center center",
                        "background_repeat": "no-repeat",
                        "background_size": "cover",
                        "background_overlay_background": "gradient",
                        "background_overlay_color": "#0A011880",
                        "background_overlay_color_b": "#0A011833",
                        "background_overlay_gradient_type": "radial",
                        "background_overlay_opacity": {
                            "unit": "px",
                            "size": 1,
                            "sizes": []
                        },
                        "__globals__": {
                            "background_overlay_color": "",
                            "background_overlay_color_b": ""
                        },
                        "content_width": "full",
                        "width": {
                            "unit": "%",
                            "size": 50,
                            "sizes": []
                        },
                        "background_size_tablet": "contain"
                    },
                    "elements": [
                        {
                            "id": "710b00cc",
                            "settings": {
                                "title": "Website Development",
                                "header_size": "h6"
                            },
                            "elements": [],
                            "isInner": false,
                            "widgetType": "heading",
                            "elType": "widget"
                        },
                        {
                            "id": "1784b3b7",
                            "settings": {
                                "title": "Delivering IT solutions that enable you to work smarter.",
                                "_animation": "fadeInDown",
                                "_animation_delay": 200,
                                "__dynamic__": []
                            },
                            "elements": [],
                            "isInner": false,
                            "widgetType": "heading",
                            "elType": "widget"
                        },
                        {
                            "id": "1557e23",
                            "settings": {
                                "title": "At ligula justo morbi sagittis fusce. Accumsan magna habitant non habitasse litora etiam torquent. Placerat lobortis volutpat efficitur elementum sagittis leo amet euismod tristique.",
                                "header_size": "div",
                                "__dynamic__": [],
                                "_animation": "fadeInUp",
                                "_animation_delay": 300,
                                "__globals__": {
                                    "typography_typography": "globals\/typography?id=b2ce6af"
                                }
                            },
                            "elements": [],
                            "isInner": false,
                            "widgetType": "heading",
                            "elType": "widget"
                        },
                        {
                            "id": "22dbb4d6",
                            "settings": {
                                "text": "Discover more"
                            },
                            "elements": [],
                            "isInner": false,
                            "widgetType": "button",
                            "elType": "widget"
                        }
                    ],
                    "isInner": true,
                    "elType": "container"
                },
                {
                    "id": "53cace67",
                    "settings": {
                        "content_width": "full",
                        "width": {
                            "unit": "%",
                            "size": 50,
                            "sizes": []
                        },
                        "padding": {
                            "unit": "px",
                            "top": "0",
                            "right": "0",
                            "bottom": "0",
                            "left": "0",
                            "isLinked": false
                        }
                    },
                    "elements": [
                        {
                            "id": "429ae113",
                            "settings": {
                                "image": {
                                    "url": "http:\/\/theme.creativemox.com\/digimax\/wp-content\/uploads\/sites\/7\/2024\/01\/imac_img.png",
                                    "id": 820,
                                    "size": "",
                                    "alt": "",
                                    "source": "library"
                                },
                                "image_size": "full",
                                "width_tablet": {
                                    "unit": "%",
                                    "size": 100,
                                    "sizes": []
                                },
                                "height_tablet": {
                                    "unit": "px",
                                    "size": 500,
                                    "sizes": []
                                },
                                "height_mobile": {
                                    "unit": "px",
                                    "size": 250,
                                    "sizes": []
                                },
                                "object-fit_tablet": "cover",
                                "object-fit_mobile": "contain",
                                "object-position_tablet": "center left",
                                "_margin": {
                                    "unit": "em",
                                    "top": "0",
                                    "right": "0",
                                    "bottom": "-5",
                                    "left": "0",
                                    "isLinked": false
                                },
                                "_margin_tablet": {
                                    "unit": "em",
                                    "top": "0",
                                    "right": "0",
                                    "bottom": "0",
                                    "left": "-7",
                                    "isLinked": false
                                },
                                "_margin_mobile": {
                                    "unit": "em",
                                    "top": "0",
                                    "right": "0",
                                    "bottom": "0",
                                    "left": "0",
                                    "isLinked": false
                                },
                                "_animation": "fadeInRight"
                            },
                            "elements": [],
                            "isInner": false,
                            "widgetType": "image",
                            "elType": "widget"
                        }
                    ],
                    "isInner": true,
                    "elType": "container"
                }
            ],
            "isInner": false,
            "elType": "container"
        },
        {
            "id": "43a454c8",
            "settings": {
                "flex_direction": "row",
                "flex_justify_content": "space-between",
                "flex_gap": {
                    "column": "0",
                    "row": "0",
                    "isLinked": false,
                    "unit": "px",
                    "size": 0
                },
                "flex_wrap": "wrap",
                "padding": {
                    "unit": "em",
                    "top": "5",
                    "right": "0",
                    "bottom": "7",
                    "left": "0",
                    "isLinked": false
                },
                "padding_tablet": {
                    "unit": "em",
                    "top": "3",
                    "right": "0",
                    "bottom": "3",
                    "left": "0",
                    "isLinked": false
                },
                "padding_mobile": {
                    "unit": "em",
                    "top": "0",
                    "right": "0",
                    "bottom": "2",
                    "left": "0",
                    "isLinked": false
                }
            },
            "elements": [
                {
                    "id": "30496527",
                    "settings": {
                        "content_width": "full",
                        "width": {
                            "unit": "%",
                            "size": 70,
                            "sizes": []
                        },
                        "width_tablet": {
                            "unit": "%",
                            "size": 60,
                            "sizes": []
                        },
                        "width_mobile": {
                            "unit": "%",
                            "size": "",
                            "sizes": []
                        },
                        "padding": {
                            "unit": "em",
                            "top": "1",
                            "right": "3",
                            "bottom": "1",
                            "left": "1",
                            "isLinked": false
                        },
                        "padding_tablet": {
                            "unit": "em",
                            "top": "2",
                            "right": "2",
                            "bottom": "2",
                            "left": "2",
                            "isLinked": true
                        },
                        "padding_mobile": {
                            "unit": "em",
                            "top": "",
                            "right": "",
                            "bottom": "",
                            "left": "",
                            "isLinked": true
                        }
                    },
                    "elements": [
                        {
                            "id": "591f108f",
                            "settings": {
                                "title": "Descriptions",
                                "header_size": "h3"
                            },
                            "elements": [],
                            "isInner": false,
                            "widgetType": "heading",
                            "elType": "widget"
                        },
                        {
                            "id": "430f2e01",
                            "settings": {
                                "editor": "<p>Id blandit facilisis dolor natoque parturient nostra pharetra himenaeos et litora. Himenaeos nascetur vestibulum finibus porttitor ut leo. Finibus commodo class letius feugiat pede montes sociosqu vulputate ornare mattis posuere. Sit nunc purus netus urna letius.<\/p>"
                            },
                            "elements": [],
                            "isInner": false,
                            "widgetType": "text-editor",
                            "elType": "widget"
                        },
                        {
                            "id": "68fbb1de",
                            "settings": {
                                "editor": "<p>Id blandit facilisis dolor natoque parturient nostra pharetra himenaeos et litora. Himenaeos nascetur vestibulum finibus porttitor ut leo. Finibus commodo class letius feugiat pede montes sociosqu vulputate ornare mattis posuere. Sit nunc purus netus urna letius.<\/p>"
                            },
                            "elements": [],
                            "isInner": false,
                            "widgetType": "text-editor",
                            "elType": "widget"
                        },
                        {
                            "id": "21d0167c",
                            "settings": {
                                "flex_direction": "row",
                                "flex_justify_content": "space-between",
                                "flex_wrap": "wrap",
                                "border_border": "solid",
                                "border_width": {
                                    "unit": "px",
                                    "top": "1",
                                    "right": "0",
                                    "bottom": "1",
                                    "left": "0",
                                    "isLinked": false
                                },
                                "padding": {
                                    "unit": "px",
                                    "top": "21",
                                    "right": "0",
                                    "bottom": "21",
                                    "left": "0",
                                    "isLinked": false
                                },
                                "__globals__": {
                                    "border_color": "globals\/colors?id=4d462f5"
                                },
                                "flex_gap_tablet": {
                                    "column": "7",
                                    "row": "7",
                                    "isLinked": true,
                                    "unit": "px",
                                    "size": 7
                                }
                            },
                            "elements": [
                                {
                                    "id": "1e6576f1",
                                    "settings": {
                                        "icon_list": [
                                            {
                                                "text": "Expertise in Digital Solutions",
                                                "_id": "55ff654"
                                            },
                                            {
                                                "text": "Innovative Design Approach",
                                                "_id": "cfa9875"
                                            },
                                            {
                                                "text": "Strategic Digital Marketing",
                                                "_id": "33dee10"
                                            },
                                            {
                                                "text": "Data-Driven Decisions",
                                                "_id": "200b3aa"
                                            }
                                        ],
                                        "space_between": {
                                            "unit": "px",
                                            "size": 7,
                                            "sizes": []
                                        },
                                        "icon_self_align": "left",
                                        "icon_self_vertical_align": "flex-start",
                                        "_element_width": "initial",
                                        "_element_custom_width": {
                                            "unit": "%",
                                            "size": 48,
                                            "sizes": []
                                        },
                                        "__globals__": {
                                            "icon_color": "globals\/colors?id=ec3c7a7"
                                        },
                                        "_element_width_tablet": "inherit"
                                    },
                                    "elements": [],
                                    "isInner": false,
                                    "widgetType": "icon-list",
                                    "elType": "widget"
                                },
                                {
                                    "id": "1c0cd863",
                                    "settings": {
                                        "icon_list": [
                                            {
                                                "text": "Holistic Security Measures",
                                                "_id": "55ff654"
                                            },
                                            {
                                                "text": "Tailored Digital Strategy",
                                                "_id": "cfa9875"
                                            },
                                            {
                                                "text": "Responsive & Scalable ",
                                                "_id": "3bf37e1"
                                            },
                                            {
                                                "text": "Proven Track Record",
                                                "_id": "81af24b"
                                            }
                                        ],
                                        "space_between": {
                                            "unit": "px",
                                            "size": 7,
                                            "sizes": []
                                        },
                                        "icon_self_align": "left",
                                        "icon_self_vertical_align": "flex-start",
                                        "_element_width": "initial",
                                        "_element_custom_width": {
                                            "unit": "%",
                                            "size": 48,
                                            "sizes": []
                                        },
                                        "__globals__": {
                                            "icon_color": "globals\/colors?id=ec3c7a7"
                                        },
                                        "_element_width_tablet": "inherit"
                                    },
                                    "elements": [],
                                    "isInner": false,
                                    "widgetType": "icon-list",
                                    "elType": "widget"
                                }
                            ],
                            "isInner": true,
                            "elType": "container"
                        }
                    ],
                    "isInner": true,
                    "elType": "container"
                },
                {
                    "id": "6a563c32",
                    "settings": {
                        "content_width": "full",
                        "width": {
                            "unit": "%",
                            "size": 30,
                            "sizes": []
                        },
                        "width_tablet": {
                            "unit": "%",
                            "size": 40,
                            "sizes": []
                        },
                        "width_mobile": {
                            "unit": "%",
                            "size": "",
                            "sizes": []
                        },
                        "padding": {
                            "unit": "em",
                            "top": "1",
                            "right": "1",
                            "bottom": "1",
                            "left": "1",
                            "isLinked": true
                        },
                        "padding_tablet": {
                            "unit": "em",
                            "top": "",
                            "right": "",
                            "bottom": "",
                            "left": "",
                            "isLinked": true
                        },
                        "padding_mobile": {
                            "unit": "em",
                            "top": "",
                            "right": "",
                            "bottom": "",
                            "left": "",
                            "isLinked": true
                        }
                    },
                    "elements": [
                        {
                            "id": "29b8c4d6",
                            "settings": {
                                "background_background": "gradient",
                                "border_border": "solid",
                                "border_width": {
                                    "unit": "px",
                                    "top": "1",
                                    "right": "1",
                                    "bottom": "1",
                                    "left": "1",
                                    "isLinked": true
                                },
                                "border_radius": {
                                    "unit": "px",
                                    "top": "10",
                                    "right": "10",
                                    "bottom": "10",
                                    "left": "10",
                                    "isLinked": true
                                },
                                "padding": {
                                    "unit": "em",
                                    "top": "2",
                                    "right": "2",
                                    "bottom": "2",
                                    "left": "2",
                                    "isLinked": true
                                },
                                "padding_tablet": {
                                    "unit": "em",
                                    "top": "",
                                    "right": "",
                                    "bottom": "",
                                    "left": "",
                                    "isLinked": true
                                },
                                "padding_mobile": {
                                    "unit": "em",
                                    "top": "",
                                    "right": "",
                                    "bottom": "",
                                    "left": "",
                                    "isLinked": true
                                },
                                "__globals__": {
                                    "background_color": "globals\/colors?id=c94d9ab",
                                    "background_color_b": "globals\/colors?id=044b931",
                                    "border_color": "globals\/colors?id=4d462f5"
                                }
                            },
                            "elements": [
                                {
                                    "id": "7f8a0746",
                                    "settings": {
                                        "title": "Feature",
                                        "header_size": "h3"
                                    },
                                    "elements": [],
                                    "isInner": false,
                                    "widgetType": "heading",
                                    "elType": "widget"
                                },
                                {
                                    "id": "c4eb266",
                                    "settings": {
                                        "icon_list": [
                                            {
                                                "text": "UI\/UX User Friendly",
                                                "selected_icon": {
                                                    "value": "icon icon-Design-3",
                                                    "library": "ekiticons"
                                                },
                                                "_id": "98612a3"
                                            },
                                            {
                                                "text": "Focus on Target",
                                                "selected_icon": {
                                                    "value": "icon icon-target-2",
                                                    "library": "ekiticons"
                                                },
                                                "_id": "4844f3c"
                                            },
                                            {
                                                "text": "Secure App",
                                                "selected_icon": {
                                                    "value": "icon icon-shield11",
                                                    "library": "ekiticons"
                                                },
                                                "_id": "8b084a0"
                                            },
                                            {
                                                "text": "User Experience Flow",
                                                "selected_icon": {
                                                    "value": "icon icon-Computer",
                                                    "library": "ekiticons"
                                                },
                                                "_id": "7380ff6"
                                            },
                                            {
                                                "text": "Awesome Graphics Design",
                                                "selected_icon": {
                                                    "value": "icon icon-pen_shape",
                                                    "library": "ekiticons"
                                                },
                                                "_id": "f7f845e"
                                            }
                                        ],
                                        "space_between": {
                                            "unit": "px",
                                            "size": 21,
                                            "sizes": []
                                        },
                                        "divider": "yes",
                                        "icon_size": {
                                            "unit": "px",
                                            "size": 21,
                                            "sizes": []
                                        },
                                        "__globals__": {
                                            "divider_color": "globals\/colors?id=4d462f5",
                                            "icon_color": "globals\/colors?id=3ee16e7"
                                        }
                                    },
                                    "elements": [],
                                    "isInner": false,
                                    "widgetType": "icon-list",
                                    "elType": "widget"
                                }
                            ],
                            "isInner": true,
                            "elType": "container"
                        },
                        {
                            "id": "4da9e661",
                            "settings": {
                                "text": "Download Brochure",
                                "align": "justify",
                                "size": "md"
                            },
                            "elements": [],
                            "isInner": false,
                            "widgetType": "button",
                            "elType": "widget"
                        }
                    ],
                    "isInner": true,
                    "elType": "container"
                }
            ],
            "isInner": false,
            "elType": "container"
        },
        {
            "id": "4514193f",
            "settings": {
                "flex_direction": "column",
                "flex_gap": {
                    "column": "0",
                    "row": "0",
                    "isLinked": false,
                    "unit": "px",
                    "size": 0
                },
                "background_background": "classic",
                "background_image": {
                    "url": "http:\/\/theme.creativemox.com\/digimax\/wp-content\/uploads\/sites\/7\/2024\/01\/bg__img2.png",
                    "id": 139,
                    "size": "",
                    "alt": "",
                    "source": "library"
                },
                "background_position": "top center",
                "background_repeat": "no-repeat",
                "background_overlay_background": "classic",
                "padding": {
                    "unit": "em",
                    "top": "5",
                    "right": "0",
                    "bottom": "7",
                    "left": "0",
                    "isLinked": false
                },
                "padding_tablet": {
                    "unit": "em",
                    "top": "1",
                    "right": "1",
                    "bottom": "3",
                    "left": "1",
                    "isLinked": false
                },
                "padding_mobile": {
                    "unit": "em",
                    "top": "0",
                    "right": "0",
                    "bottom": "2",
                    "left": "0",
                    "isLinked": false
                },
                "__globals__": {
                    "background_overlay_color": "globals\/colors?id=044b931"
                }
            },
            "elements": [
                {
                    "id": "3e0368d6",
                    "settings": {
                        "boxed_width": {
                            "unit": "px",
                            "size": 720,
                            "sizes": []
                        },
                        "padding": {
                            "unit": "em",
                            "top": "2",
                            "right": "2",
                            "bottom": "2",
                            "left": "2",
                            "isLinked": true
                        },
                        "padding_tablet": {
                            "unit": "em",
                            "top": "",
                            "right": "",
                            "bottom": "",
                            "left": "",
                            "isLinked": true
                        },
                        "padding_mobile": {
                            "unit": "em",
                            "top": "",
                            "right": "",
                            "bottom": "",
                            "left": "",
                            "isLinked": true
                        },
                        "animation": "fadeInUp"
                    },
                    "elements": [
                        {
                            "id": "1613dfc8",
                            "settings": {
                                "title": "How it Works",
                                "header_size": "h6",
                                "align": "center"
                            },
                            "elements": [],
                            "isInner": false,
                            "widgetType": "heading",
                            "elType": "widget"
                        },
                        {
                            "id": "6b439817",
                            "settings": {
                                "title": "Unlock Astonishing Results with Just 3 Simple Steps!",
                                "align": "center"
                            },
                            "elements": [],
                            "isInner": false,
                            "widgetType": "heading",
                            "elType": "widget"
                        }
                    ],
                    "isInner": true,
                    "elType": "container"
                },
                {
                    "id": "17355b1f",
                    "settings": {
                        "flex_direction": "row",
                        "flex_justify_content": "space-between",
                        "flex_gap": {
                            "column": "0",
                            "row": "0",
                            "isLinked": false,
                            "unit": "px",
                            "size": 0
                        },
                        "flex_gap_mobile": {
                            "column": "14",
                            "row": "14",
                            "isLinked": true,
                            "unit": "px",
                            "size": 14
                        },
                        "flex_wrap": "wrap"
                    },
                    "elements": [
                        {
                            "id": "272e84c1",
                            "settings": {
                                "content_width": "full",
                                "width": {
                                    "unit": "%",
                                    "size": 25,
                                    "sizes": []
                                },
                                "width_tablet": {
                                    "unit": "%",
                                    "size": 50,
                                    "sizes": []
                                },
                                "width_mobile": {
                                    "unit": "%",
                                    "size": "",
                                    "sizes": []
                                },
                                "border_border": "solid",
                                "border_width": {
                                    "unit": "px",
                                    "top": "0",
                                    "right": "1",
                                    "bottom": "0",
                                    "left": "0",
                                    "isLinked": false
                                },
                                "border_width_tablet": {
                                    "unit": "px",
                                    "top": "0",
                                    "right": "1",
                                    "bottom": "1",
                                    "left": "0",
                                    "isLinked": false
                                },
                                "border_width_mobile": {
                                    "unit": "px",
                                    "top": "1",
                                    "right": "1",
                                    "bottom": "1",
                                    "left": "1",
                                    "isLinked": true
                                },
                                "border_radius_mobile": {
                                    "unit": "px",
                                    "top": "10",
                                    "right": "10",
                                    "bottom": "10",
                                    "left": "10",
                                    "isLinked": false
                                },
                                "padding": {
                                    "unit": "em",
                                    "top": "2",
                                    "right": "2",
                                    "bottom": "2",
                                    "left": "2",
                                    "isLinked": true
                                },
                                "padding_tablet": {
                                    "unit": "em",
                                    "top": "",
                                    "right": "",
                                    "bottom": "",
                                    "left": "",
                                    "isLinked": true
                                },
                                "padding_mobile": {
                                    "unit": "em",
                                    "top": "",
                                    "right": "",
                                    "bottom": "",
                                    "left": "",
                                    "isLinked": true
                                },
                                "__globals__": {
                                    "border_color": "globals\/colors?id=4d462f5"
                                },
                                "animation": "fadeInLeft"
                            },
                            "elements": [
                                {
                                    "id": "65e846ae",
                                    "settings": {
                                        "selected_icon": {
                                            "value": "icon icon-bubble",
                                            "library": "ekiticons"
                                        },
                                        "view": "stacked",
                                        "title_text": "Free Consultations",
                                        "description_text": "Id aliquet quis metus penatibus mi mollis adipiscing consequat euismod",
                                        "title_size": "div",
                                        "text_align": "center",
                                        "icon_space": {
                                            "unit": "px",
                                            "size": 14,
                                            "sizes": []
                                        },
                                        "icon_size": {
                                            "unit": "px",
                                            "size": 35,
                                            "sizes": []
                                        },
                                        "icon_size_tablet": {
                                            "unit": "px",
                                            "size": 28,
                                            "sizes": []
                                        },
                                        "title_bottom_space": {
                                            "unit": "px",
                                            "size": 7,
                                            "sizes": []
                                        },
                                        "__globals__": {
                                            "primary_color": "globals\/colors?id=3ee16e7",
                                            "secondary_color": "globals\/colors?id=text",
                                            "title_typography_typography": "globals\/typography?id=7044a64",
                                            "title_color": "globals\/colors?id=secondary"
                                        }
                                    },
                                    "elements": [],
                                    "isInner": false,
                                    "widgetType": "icon-box",
                                    "elType": "widget"
                                },
                                {
                                    "id": "693b0278",
                                    "settings": {
                                        "text": "Chat Now",
                                        "align": "center",
                                        "size": "xs"
                                    },
                                    "elements": [],
                                    "isInner": false,
                                    "widgetType": "button",
                                    "elType": "widget"
                                }
                            ],
                            "isInner": true,
                            "elType": "container"
                        },
                        {
                            "id": "637abfb9",
                            "settings": {
                                "content_width": "full",
                                "width": {
                                    "unit": "%",
                                    "size": 25,
                                    "sizes": []
                                },
                                "width_tablet": {
                                    "unit": "%",
                                    "size": 50,
                                    "sizes": []
                                },
                                "width_mobile": {
                                    "unit": "%",
                                    "size": "",
                                    "sizes": []
                                },
                                "border_border": "solid",
                                "border_width": {
                                    "unit": "px",
                                    "top": "0",
                                    "right": "1",
                                    "bottom": "0",
                                    "left": "0",
                                    "isLinked": false
                                },
                                "border_width_tablet": {
                                    "unit": "px",
                                    "top": "0",
                                    "right": "0",
                                    "bottom": "1",
                                    "left": "0",
                                    "isLinked": false
                                },
                                "border_width_mobile": {
                                    "unit": "px",
                                    "top": "1",
                                    "right": "1",
                                    "bottom": "1",
                                    "left": "1",
                                    "isLinked": true
                                },
                                "border_radius_mobile": {
                                    "unit": "px",
                                    "top": "10",
                                    "right": "10",
                                    "bottom": "10",
                                    "left": "10",
                                    "isLinked": false
                                },
                                "padding": {
                                    "unit": "em",
                                    "top": "2",
                                    "right": "2",
                                    "bottom": "2",
                                    "left": "2",
                                    "isLinked": true
                                },
                                "padding_tablet": {
                                    "unit": "em",
                                    "top": "",
                                    "right": "",
                                    "bottom": "",
                                    "left": "",
                                    "isLinked": true
                                },
                                "padding_mobile": {
                                    "unit": "em",
                                    "top": "",
                                    "right": "",
                                    "bottom": "",
                                    "left": "",
                                    "isLinked": true
                                },
                                "__globals__": {
                                    "border_color": "globals\/colors?id=4d462f5"
                                },
                                "animation": "fadeInLeft",
                                "animation_delay": 200
                            },
                            "elements": [
                                {
                                    "id": "573a1d39",
                                    "settings": {
                                        "selected_icon": {
                                            "value": "icon icon-laptop-phone",
                                            "library": "ekiticons"
                                        },
                                        "view": "stacked",
                                        "title_text": "Discover the product",
                                        "description_text": "Id aliquet quis metus penatibus mi mollis adipiscing consequat euismod",
                                        "title_size": "div",
                                        "text_align": "center",
                                        "icon_space": {
                                            "unit": "px",
                                            "size": 14,
                                            "sizes": []
                                        },
                                        "icon_size": {
                                            "unit": "px",
                                            "size": 35,
                                            "sizes": []
                                        },
                                        "icon_size_tablet": {
                                            "unit": "px",
                                            "size": 28,
                                            "sizes": []
                                        },
                                        "title_bottom_space": {
                                            "unit": "px",
                                            "size": 7,
                                            "sizes": []
                                        },
                                        "__globals__": {
                                            "primary_color": "globals\/colors?id=3ee16e7",
                                            "secondary_color": "globals\/colors?id=text",
                                            "title_typography_typography": "globals\/typography?id=7044a64",
                                            "title_color": "globals\/colors?id=secondary"
                                        }
                                    },
                                    "elements": [],
                                    "isInner": false,
                                    "widgetType": "icon-box",
                                    "elType": "widget"
                                },
                                {
                                    "id": "1ad5fa15",
                                    "settings": {
                                        "text": "Learn more",
                                        "align": "center",
                                        "size": "xs"
                                    },
                                    "elements": [],
                                    "isInner": false,
                                    "widgetType": "button",
                                    "elType": "widget"
                                }
                            ],
                            "isInner": true,
                            "elType": "container"
                        },
                        {
                            "id": "6f1d32b2",
                            "settings": {
                                "content_width": "full",
                                "width": {
                                    "unit": "%",
                                    "size": 25,
                                    "sizes": []
                                },
                                "width_tablet": {
                                    "unit": "%",
                                    "size": 50,
                                    "sizes": []
                                },
                                "width_mobile": {
                                    "unit": "%",
                                    "size": "",
                                    "sizes": []
                                },
                                "border_border": "solid",
                                "border_width": {
                                    "unit": "px",
                                    "top": "0",
                                    "right": "1",
                                    "bottom": "0",
                                    "left": "0",
                                    "isLinked": false
                                },
                                "border_width_tablet": {
                                    "unit": "px",
                                    "top": "0",
                                    "right": "1",
                                    "bottom": "0",
                                    "left": "0",
                                    "isLinked": false
                                },
                                "border_width_mobile": {
                                    "unit": "px",
                                    "top": "1",
                                    "right": "1",
                                    "bottom": "1",
                                    "left": "1",
                                    "isLinked": true
                                },
                                "border_radius_mobile": {
                                    "unit": "px",
                                    "top": "10",
                                    "right": "10",
                                    "bottom": "10",
                                    "left": "10",
                                    "isLinked": false
                                },
                                "padding": {
                                    "unit": "em",
                                    "top": "2",
                                    "right": "2",
                                    "bottom": "2",
                                    "left": "2",
                                    "isLinked": true
                                },
                                "padding_tablet": {
                                    "unit": "em",
                                    "top": "",
                                    "right": "",
                                    "bottom": "",
                                    "left": "",
                                    "isLinked": true
                                },
                                "padding_mobile": {
                                    "unit": "em",
                                    "top": "",
                                    "right": "",
                                    "bottom": "",
                                    "left": "",
                                    "isLinked": true
                                },
                                "__globals__": {
                                    "border_color": "globals\/colors?id=4d462f5"
                                },
                                "animation": "fadeInRight",
                                "animation_delay": 200
                            },
                            "elements": [
                                {
                                    "id": "3d3f6290",
                                    "settings": {
                                        "selected_icon": {
                                            "value": "icon icon-Design-3",
                                            "library": "ekiticons"
                                        },
                                        "view": "stacked",
                                        "title_text": "Wireframe & Production",
                                        "description_text": "Id aliquet quis metus penatibus mi mollis adipiscing consequat euismod",
                                        "title_size": "div",
                                        "text_align": "center",
                                        "icon_space": {
                                            "unit": "px",
                                            "size": 14,
                                            "sizes": []
                                        },
                                        "icon_size": {
                                            "unit": "px",
                                            "size": 35,
                                            "sizes": []
                                        },
                                        "icon_size_tablet": {
                                            "unit": "px",
                                            "size": 28,
                                            "sizes": []
                                        },
                                        "title_bottom_space": {
                                            "unit": "px",
                                            "size": 7,
                                            "sizes": []
                                        },
                                        "__globals__": {
                                            "primary_color": "globals\/colors?id=3ee16e7",
                                            "secondary_color": "globals\/colors?id=text",
                                            "title_typography_typography": "globals\/typography?id=7044a64",
                                            "title_color": "globals\/colors?id=secondary"
                                        }
                                    },
                                    "elements": [],
                                    "isInner": false,
                                    "widgetType": "icon-box",
                                    "elType": "widget"
                                },
                                {
                                    "id": "552caecf",
                                    "settings": {
                                        "text": "Learn more",
                                        "align": "center",
                                        "size": "xs"
                                    },
                                    "elements": [],
                                    "isInner": false,
                                    "widgetType": "button",
                                    "elType": "widget"
                                }
                            ],
                            "isInner": true,
                            "elType": "container"
                        },
                        {
                            "id": "4461e75d",
                            "settings": {
                                "content_width": "full",
                                "width": {
                                    "unit": "%",
                                    "size": 25,
                                    "sizes": []
                                },
                                "width_tablet": {
                                    "unit": "%",
                                    "size": 50,
                                    "sizes": []
                                },
                                "width_mobile": {
                                    "unit": "%",
                                    "size": "",
                                    "sizes": []
                                },
                                "border_border": "solid",
                                "border_width": {
                                    "unit": "px",
                                    "top": "0",
                                    "right": "0",
                                    "bottom": "0",
                                    "left": "0",
                                    "isLinked": false
                                },
                                "border_width_mobile": {
                                    "unit": "px",
                                    "top": "1",
                                    "right": "1",
                                    "bottom": "1",
                                    "left": "1",
                                    "isLinked": true
                                },
                                "border_radius_mobile": {
                                    "unit": "px",
                                    "top": "10",
                                    "right": "10",
                                    "bottom": "10",
                                    "left": "10",
                                    "isLinked": false
                                },
                                "padding": {
                                    "unit": "em",
                                    "top": "2",
                                    "right": "2",
                                    "bottom": "2",
                                    "left": "2",
                                    "isLinked": true
                                },
                                "padding_tablet": {
                                    "unit": "em",
                                    "top": "",
                                    "right": "",
                                    "bottom": "",
                                    "left": "",
                                    "isLinked": true
                                },
                                "padding_mobile": {
                                    "unit": "em",
                                    "top": "",
                                    "right": "",
                                    "bottom": "",
                                    "left": "",
                                    "isLinked": true
                                },
                                "__globals__": {
                                    "border_color": "globals\/colors?id=4d462f5"
                                },
                                "animation": "fadeInRight"
                            },
                            "elements": [
                                {
                                    "id": "1efd7dff",
                                    "settings": {
                                        "selected_icon": {
                                            "value": "icon icon-design",
                                            "library": "ekiticons"
                                        },
                                        "view": "stacked",
                                        "title_text": "Prototype Application",
                                        "description_text": "Id aliquet quis metus penatibus mi mollis adipiscing consequat euismod",
                                        "title_size": "div",
                                        "text_align": "center",
                                        "icon_space": {
                                            "unit": "px",
                                            "size": 14,
                                            "sizes": []
                                        },
                                        "icon_size": {
                                            "unit": "px",
                                            "size": 35,
                                            "sizes": []
                                        },
                                        "icon_size_tablet": {
                                            "unit": "px",
                                            "size": 28,
                                            "sizes": []
                                        },
                                        "title_bottom_space": {
                                            "unit": "px",
                                            "size": 7,
                                            "sizes": []
                                        },
                                        "__globals__": {
                                            "primary_color": "globals\/colors?id=3ee16e7",
                                            "secondary_color": "globals\/colors?id=text",
                                            "title_typography_typography": "globals\/typography?id=7044a64",
                                            "title_color": "globals\/colors?id=secondary"
                                        }
                                    },
                                    "elements": [],
                                    "isInner": false,
                                    "widgetType": "icon-box",
                                    "elType": "widget"
                                },
                                {
                                    "id": "22acec94",
                                    "settings": {
                                        "text": "Report",
                                        "align": "center",
                                        "size": "xs"
                                    },
                                    "elements": [],
                                    "isInner": false,
                                    "widgetType": "button",
                                    "elType": "widget"
                                }
                            ],
                            "isInner": true,
                            "elType": "container"
                        }
                    ],
                    "isInner": true,
                    "elType": "container"
                }
            ],
            "isInner": false,
            "elType": "container"
        },
        {
            "id": "df54af0",
            "settings": {
                "flex_direction": "row",
                "boxed_width": {
                    "unit": "px",
                    "size": 1512,
                    "sizes": []
                },
                "margin": {
                    "unit": "em",
                    "top": "0",
                    "right": "0",
                    "bottom": "7",
                    "left": "0",
                    "isLinked": false
                },
                "margin_tablet": {
                    "unit": "em",
                    "top": "",
                    "right": "",
                    "bottom": "",
                    "left": "",
                    "isLinked": true
                },
                "margin_mobile": {
                    "unit": "em",
                    "top": "",
                    "right": "",
                    "bottom": "",
                    "left": "",
                    "isLinked": true
                },
                "padding": {
                    "unit": "px",
                    "top": "0",
                    "right": "0",
                    "bottom": "0",
                    "left": "0",
                    "isLinked": false
                }
            },
            "elements": [
                {
                    "id": "4c0b64d2",
                    "settings": {
                        "min_height": {
                            "unit": "px",
                            "size": 300,
                            "sizes": []
                        },
                        "flex_direction": "row",
                        "flex_justify_content": "flex-start",
                        "background_background": "classic",
                        "background_image": {
                            "url": "http:\/\/theme.creativemox.com\/digimax\/wp-content\/uploads\/sites\/7\/2024\/01\/digital-engineering-experts-collaborating-in-order-to-develop-advanced-scene-.jpg",
                            "id": 636,
                            "size": "",
                            "alt": "Digital engineering experts collaborating in order to develop advanced scene.",
                            "source": "library"
                        },
                        "background_position": "center center",
                        "background_repeat": "no-repeat",
                        "background_size": "cover",
                        "background_overlay_background": "classic",
                        "background_overlay_opacity": {
                            "unit": "px",
                            "size": 0.59999999999999997779553950749686919152736663818359375,
                            "sizes": []
                        },
                        "border_radius": {
                            "unit": "px",
                            "top": "10",
                            "right": "10",
                            "bottom": "10",
                            "left": "10",
                            "isLinked": true
                        },
                        "padding": {
                            "unit": "em",
                            "top": "10",
                            "right": "3",
                            "bottom": "3",
                            "left": "3",
                            "isLinked": false
                        },
                        "padding_tablet": {
                            "unit": "em",
                            "top": "",
                            "right": "",
                            "bottom": "",
                            "left": "",
                            "isLinked": true
                        },
                        "padding_mobile": {
                            "unit": "em",
                            "top": "5",
                            "right": "1",
                            "bottom": "2",
                            "left": "1",
                            "isLinked": false
                        },
                        "__globals__": {
                            "background_overlay_color": "globals\/colors?id=044b931"
                        }
                    },
                    "elements": [
                        {
                            "id": "5e535340",
                            "settings": {
                                "content_width": "full",
                                "width": {
                                    "unit": "%",
                                    "size": 50,
                                    "sizes": []
                                },
                                "background_background": "gradient",
                                "background_color": "#2B2338",
                                "background_color_b": "#0A011866",
                                "border_border": "solid",
                                "border_width": {
                                    "unit": "px",
                                    "top": "1",
                                    "right": "1",
                                    "bottom": "1",
                                    "left": "1",
                                    "isLinked": true
                                },
                                "border_radius": {
                                    "unit": "px",
                                    "top": "10",
                                    "right": "10",
                                    "bottom": "10",
                                    "left": "10",
                                    "isLinked": true
                                },
                                "margin": {
                                    "unit": "em",
                                    "top": "0",
                                    "right": "0",
                                    "bottom": "-10",
                                    "left": "0",
                                    "isLinked": false
                                },
                                "margin_tablet": {
                                    "unit": "em",
                                    "top": "",
                                    "right": "",
                                    "bottom": "",
                                    "left": "",
                                    "isLinked": true
                                },
                                "margin_mobile": {
                                    "unit": "em",
                                    "top": "",
                                    "right": "",
                                    "bottom": "",
                                    "left": "",
                                    "isLinked": true
                                },
                                "padding": {
                                    "unit": "em",
                                    "top": "3",
                                    "right": "3",
                                    "bottom": "3",
                                    "left": "3",
                                    "isLinked": true
                                },
                                "padding_tablet": {
                                    "unit": "em",
                                    "top": "2",
                                    "right": "2",
                                    "bottom": "2",
                                    "left": "2",
                                    "isLinked": true
                                },
                                "padding_mobile": {
                                    "unit": "em",
                                    "top": "",
                                    "right": "",
                                    "bottom": "",
                                    "left": "",
                                    "isLinked": true
                                },
                                "__globals__": {
                                    "background_color": "globals\/colors?id=c94d9ab",
                                    "background_color_b": "",
                                    "border_color": "globals\/colors?id=accent"
                                }
                            },
                            "elements": [
                                {
                                    "id": "67dbc337",
                                    "settings": {
                                        "title": "Pioneering Digital Excellence: Discover the Digimax Advantage."
                                    },
                                    "elements": [],
                                    "isInner": false,
                                    "widgetType": "heading",
                                    "elType": "widget"
                                },
                                {
                                    "id": "2e56e1a9",
                                    "settings": [],
                                    "elements": [],
                                    "isInner": false,
                                    "widgetType": "text-editor",
                                    "elType": "widget"
                                },
                                {
                                    "id": "4d09ff26",
                                    "settings": {
                                        "text": "Discover more"
                                    },
                                    "elements": [],
                                    "isInner": false,
                                    "widgetType": "button",
                                    "elType": "widget"
                                }
                            ],
                            "isInner": true,
                            "elType": "container"
                        }
                    ],
                    "isInner": true,
                    "elType": "container"
                }
            ],
            "isInner": false,
            "elType": "container"
        },
        {
            "id": "19a7d8c5",
            "settings": {
                "flex_direction": "column",
                "flex_gap": {
                    "column": "0",
                    "row": "0",
                    "isLinked": false,
                    "unit": "px",
                    "size": 0
                },
                "padding": {
                    "unit": "em",
                    "top": "5",
                    "right": "0",
                    "bottom": "7",
                    "left": "0",
                    "isLinked": false
                },
                "padding_tablet": {
                    "unit": "em",
                    "top": "1",
                    "right": "0",
                    "bottom": "3",
                    "left": "0",
                    "isLinked": false
                },
                "padding_mobile": {
                    "unit": "em",
                    "top": "1",
                    "right": "0",
                    "bottom": "2",
                    "left": "0",
                    "isLinked": false
                }
            },
            "elements": [
                {
                    "id": "61b5ebb",
                    "settings": {
                        "boxed_width": {
                            "unit": "px",
                            "size": 640,
                            "sizes": []
                        },
                        "padding": {
                            "unit": "em",
                            "top": "2",
                            "right": "2",
                            "bottom": "2",
                            "left": "2",
                            "isLinked": true
                        },
                        "padding_tablet": {
                            "unit": "em",
                            "top": "",
                            "right": "",
                            "bottom": "",
                            "left": "",
                            "isLinked": true
                        },
                        "padding_mobile": {
                            "unit": "em",
                            "top": "",
                            "right": "",
                            "bottom": "",
                            "left": "",
                            "isLinked": true
                        }
                    },
                    "elements": [
                        {
                            "id": "74b5841c",
                            "settings": {
                                "title": "Testimonial",
                                "header_size": "h6",
                                "align": "center"
                            },
                            "elements": [],
                            "isInner": false,
                            "widgetType": "heading",
                            "elType": "widget"
                        },
                        {
                            "id": "1c4986c6",
                            "settings": {
                                "title": "Client Feedback & Reviews",
                                "align": "center"
                            },
                            "elements": [],
                            "isInner": false,
                            "widgetType": "heading",
                            "elType": "widget"
                        }
                    ],
                    "isInner": true,
                    "elType": "container"
                },
                {
                    "id": "1b2990",
                    "settings": {
                        "flex_direction": "row",
                        "flex_justify_content": "space-between",
                        "flex_wrap": "wrap"
                    },
                    "elements": [
                        {
                            "id": "65e1b15e",
                            "settings": {
                                "slides": [
                                    {
                                        "content": "Digimax transformed our online presence! Their web development expertise and creative design elevated our brand, attracting more customers than ever before.",
                                        "name": "Sarah Thompson",
                                        "title": "Thompson & Co.",
                                        "image": {
                                            "url": "http:\/\/theme.creativemox.com\/digimax\/wp-content\/uploads\/sites\/7\/2024\/01\/13.jpg",
                                            "id": 351,
                                            "alt": "",
                                            "source": "library",
                                            "size": ""
                                        },
                                        "_id": "b173f5e"
                                    },
                                    {
                                        "content": "Choosing Digimax for digital marketing was a game-changer. Our SEO ranking skyrocketed, leading to increased visibility and a significant boost in sales.",
                                        "name": "Michael Chen",
                                        "title": "Bright Electronics",
                                        "image": {
                                            "url": "http:\/\/theme.creativemox.com\/digimax\/wp-content\/uploads\/sites\/7\/2024\/01\/10.jpg",
                                            "id": 350,
                                            "alt": "",
                                            "source": "library",
                                            "size": ""
                                        },
                                        "_id": "6d013c7"
                                    },
                                    {
                                        "content": "Data analysis by Digimax provided invaluable insights. Their expertise helped us make informed decisions, leading to remarkable business growth.",
                                        "name": "Ryan Miller",
                                        "title": "Fresh Bites Catering",
                                        "image": {
                                            "url": "http:\/\/theme.creativemox.com\/digimax\/wp-content\/uploads\/sites\/7\/2024\/01\/3.jpg",
                                            "id": 347,
                                            "alt": "",
                                            "source": "library",
                                            "size": ""
                                        },
                                        "_id": "415466e"
                                    }
                                ],
                                "layout": "image_above",
                                "slides_per_view": "3",
                                "slides_to_scroll": "1",
                                "width": {
                                    "unit": "%",
                                    "size": 100,
                                    "sizes": []
                                },
                                "show_arrows": "",
                                "lazyload": "yes",
                                "space_between": {
                                    "unit": "px",
                                    "size": 21,
                                    "sizes": []
                                },
                                "slide_border_size": {
                                    "unit": "px",
                                    "top": "1",
                                    "right": "1",
                                    "bottom": "1",
                                    "left": "1",
                                    "isLinked": true
                                },
                                "slide_border_radius": {
                                    "unit": "px",
                                    "size": 10,
                                    "sizes": []
                                },
                                "slide_padding": {
                                    "unit": "em",
                                    "top": "3",
                                    "right": "2",
                                    "bottom": "3",
                                    "left": "2",
                                    "isLinked": false
                                },
                                "__globals__": {
                                    "slide_background_color": "globals\/colors?id=c94d9ab",
                                    "slide_border_color": "globals\/colors?id=accent",
                                    "content_typography_typography": "globals\/typography?id=b2ce6af",
                                    "name_typography_typography": "globals\/typography?id=520c191",
                                    "title_typography_typography": "globals\/typography?id=84ca66e",
                                    "name_color": "globals\/colors?id=secondary",
                                    "title_color": "globals\/colors?id=3ee16e7",
                                    "pagination_color_inactive": "globals\/colors?id=primary",
                                    "pagination_color": "globals\/colors?id=3ee16e7"
                                },
                                "slides_per_view_tablet": "2",
                                "slides_to_scroll_tablet": "1",
                                "space_between_tablet": {
                                    "unit": "px",
                                    "size": 21,
                                    "sizes": []
                                }
                            },
                            "elements": [],
                            "isInner": false,
                            "widgetType": "testimonial-carousel",
                            "elType": "widget"
                        }
                    ],
                    "isInner": true,
                    "elType": "container"
                }
            ],
            "isInner": false,
            "elType": "container"
        }
    ]
}